Station;Culture_start;Assay_start;Treatment_sal;Replicate;Time;Active
SK;2022-08-21;2023-03-31;0.1;1;2;1
SK;2022-08-21;2023-03-31;0.1;1;2;0
SK;2022-08-21;2023-03-31;0.1;1;2;0
SK;2022-08-21;2023-03-31;0.1;1;2;0
SK;2022-08-21;2023-03-31;0.1;1;2;0
SK;2022-08-21;2023-03-31;0.1;2;2;0
SK;2022-08-21;2023-03-31;0.1;2;2;0
SK;2022-08-21;2023-03-31;0.1;2;2;0
SK;2022-08-21;2023-03-31;0.1;2;2;0
SK;2022-08-21;2023-03-31;0.1;2;2;0
SK;2022-08-21;2023-03-31;0.1;3;2;0
SK;2022-08-21;2023-03-31;0.1;3;2;0
SK;2022-08-21;2023-03-31;0.1;3;2;0
SK;2022-08-21;2023-03-31;0.1;3;2;0
SK;2022-08-21;2023-03-31;1;1;2;1
SK;2022-08-21;2023-03-31;1;1;2;0
SK;2022-08-21;2023-03-31;1;1;2;0
SK;2022-08-21;2023-03-31;1;1;2;0
SK;2022-08-21;2023-03-31;1;1;2;0
SK;2022-08-21;2023-03-31;1;2;2;1
SK;2022-08-21;2023-03-31;1;2;2;0
SK;2022-08-21;2023-03-31;1;2;2;0
SK;2022-08-21;2023-03-31;1;2;2;0
SK;2022-08-21;2023-03-31;1;3;2;1
SK;2022-08-21;2023-03-31;1;3;2;0
SK;2022-08-21;2023-03-31;1;3;2;0
SK;2022-08-21;2023-03-31;1;3;2;0
SK;2022-08-21;2023-03-31;2;1;2;1
SK;2022-08-21;2023-03-31;2;1;2;1
SK;2022-08-21;2023-03-31;2;1;2;1
SK;2022-08-21;2023-03-31;2;1;2;1
SK;2022-08-21;2023-03-31;2;2;2;1
SK;2022-08-21;2023-03-31;2;2;2;1
SK;2022-08-21;2023-03-31;2;2;2;1
SK;2022-08-21;2023-03-31;2;2;2;1
SK;2022-08-21;2023-03-31;2;2;2;0
SK;2022-08-21;2023-03-31;2;3;2;1
SK;2022-08-21;2023-03-31;2;3;2;1
SK;2022-08-21;2023-03-31;2;3;2;1
SK;2022-08-21;2023-03-31;2;3;2;1
SK;2022-08-21;2023-03-31;2;3;2;1
SK;2022-08-21;2023-03-31;3;1;2;1
SK;2022-08-21;2023-03-31;3;1;2;1
SK;2022-08-21;2023-03-31;3;1;2;1
SK;2022-08-21;2023-03-31;3;1;2;1
SK;2022-08-21;2023-03-31;3;1;2;1
SK;2022-08-21;2023-03-31;3;2;2;1
SK;2022-08-21;2023-03-31;3;2;2;1
SK;2022-08-21;2023-03-31;3;2;2;1
SK;2022-08-21;2023-03-31;3;2;2;1
SK;2022-08-21;2023-03-31;3;2;2;1
SK;2022-08-21;2023-03-31;3;3;2;1
SK;2022-08-21;2023-03-31;3;3;2;1
SK;2022-08-21;2023-03-31;3;3;2;1
SK;2022-08-21;2023-03-31;3;3;2;1
SK;2022-08-21;2023-03-31;3;3;2;0
SK;2022-08-21;2023-03-31;5;1;2;1
SK;2022-08-21;2023-03-31;5;1;2;1
SK;2022-08-21;2023-03-31;5;1;2;1
SK;2022-08-21;2023-03-31;5;1;2;1
SK;2022-08-21;2023-03-31;5;1;2;1
SK;2022-08-21;2023-03-31;5;2;2;1
SK;2022-08-21;2023-03-31;5;2;2;1
SK;2022-08-21;2023-03-31;5;2;2;1
SK;2022-08-21;2023-03-31;5;2;2;1
SK;2022-08-21;2023-03-31;5;2;2;1
SK;2022-08-21;2023-03-31;5;3;2;1
SK;2022-08-21;2023-03-31;5;3;2;1
SK;2022-08-21;2023-03-31;5;3;2;1
SK;2022-08-21;2023-03-31;15;1;2;1
SK;2022-08-21;2023-03-31;15;1;2;1
SK;2022-08-21;2023-03-31;15;1;2;1
SK;2022-08-21;2023-03-31;15;1;2;1
SK;2022-08-21;2023-03-31;15;1;2;1
SK;2022-08-21;2023-03-31;15;2;2;1
SK;2022-08-21;2023-03-31;15;2;2;1
SK;2022-08-21;2023-03-31;15;2;2;1
SK;2022-08-21;2023-03-31;15;2;2;1
SK;2022-08-21;2023-03-31;15;2;2;1
SK;2022-08-21;2023-03-31;15;3;2;1
SK;2022-08-21;2023-03-31;15;3;2;1
SK;2022-08-21;2023-03-31;15;3;2;1
SK;2022-08-21;2023-03-31;15;3;2;1
SK;2022-08-21;2023-03-31;0.1;1;24;0
SK;2022-08-21;2023-03-31;0.1;1;24;0
SK;2022-08-21;2023-03-31;0.1;1;24;0
SK;2022-08-21;2023-03-31;0.1;1;24;0
SK;2022-08-21;2023-03-31;0.1;1;24;0
SK;2022-08-21;2023-03-31;0.1;2;24;0
SK;2022-08-21;2023-03-31;0.1;2;24;0
SK;2022-08-21;2023-03-31;0.1;2;24;0
SK;2022-08-21;2023-03-31;0.1;2;24;0
SK;2022-08-21;2023-03-31;0.1;2;24;0
SK;2022-08-21;2023-03-31;0.1;3;24;0
SK;2022-08-21;2023-03-31;0.1;3;24;0
SK;2022-08-21;2023-03-31;0.1;3;24;0
SK;2022-08-21;2023-03-31;0.1;3;24;0
SK;2022-08-21;2023-03-31;1;1;24;0
SK;2022-08-21;2023-03-31;1;1;24;0
SK;2022-08-21;2023-03-31;1;1;24;0
SK;2022-08-21;2023-03-31;1;1;24;0
SK;2022-08-21;2023-03-31;1;1;24;0
SK;2022-08-21;2023-03-31;1;2;24;1
SK;2022-08-21;2023-03-31;1;2;24;0
SK;2022-08-21;2023-03-31;1;2;24;0
SK;2022-08-21;2023-03-31;1;2;24;0
SK;2022-08-21;2023-03-31;1;3;24;1
SK;2022-08-21;2023-03-31;1;3;24;0
SK;2022-08-21;2023-03-31;1;3;24;0
SK;2022-08-21;2023-03-31;1;3;24;0
SK;2022-08-21;2023-03-31;2;1;24;1
SK;2022-08-21;2023-03-31;2;1;24;1
SK;2022-08-21;2023-03-31;2;1;24;0
SK;2022-08-21;2023-03-31;2;1;24;0
SK;2022-08-21;2023-03-31;2;2;24;1
SK;2022-08-21;2023-03-31;2;2;24;1
SK;2022-08-21;2023-03-31;2;2;24;1
SK;2022-08-21;2023-03-31;2;2;24;0
SK;2022-08-21;2023-03-31;2;2;24;0
SK;2022-08-21;2023-03-31;2;3;24;1
SK;2022-08-21;2023-03-31;2;3;24;1
SK;2022-08-21;2023-03-31;2;3;24;1
SK;2022-08-21;2023-03-31;2;3;24;1
SK;2022-08-21;2023-03-31;2;3;24;0
SK;2022-08-21;2023-03-31;3;1;24;1
SK;2022-08-21;2023-03-31;3;1;24;1
SK;2022-08-21;2023-03-31;3;1;24;1
SK;2022-08-21;2023-03-31;3;1;24;1
SK;2022-08-21;2023-03-31;3;1;24;1
SK;2022-08-21;2023-03-31;3;2;24;1
SK;2022-08-21;2023-03-31;3;2;24;1
SK;2022-08-21;2023-03-31;3;2;24;1
SK;2022-08-21;2023-03-31;3;2;24;1
SK;2022-08-21;2023-03-31;3;2;24;1
SK;2022-08-21;2023-03-31;3;3;24;1
SK;2022-08-21;2023-03-31;3;3;24;1
SK;2022-08-21;2023-03-31;3;3;24;1
SK;2022-08-21;2023-03-31;3;3;24;1
SK;2022-08-21;2023-03-31;3;3;24;0
SK;2022-08-21;2023-03-31;5;1;24;1
SK;2022-08-21;2023-03-31;5;1;24;1
SK;2022-08-21;2023-03-31;5;1;24;1
SK;2022-08-21;2023-03-31;5;1;24;1
SK;2022-08-21;2023-03-31;5;1;24;1
SK;2022-08-21;2023-03-31;5;2;24;1
SK;2022-08-21;2023-03-31;5;2;24;1
SK;2022-08-21;2023-03-31;5;2;24;1
SK;2022-08-21;2023-03-31;5;2;24;1
SK;2022-08-21;2023-03-31;5;2;24;1
SK;2022-08-21;2023-03-31;5;3;24;1
SK;2022-08-21;2023-03-31;5;3;24;1
SK;2022-08-21;2023-03-31;5;3;24;1
SK;2022-08-21;2023-03-31;15;1;24;1
SK;2022-08-21;2023-03-31;15;1;24;1
SK;2022-08-21;2023-03-31;15;1;24;1
SK;2022-08-21;2023-03-31;15;1;24;1
SK;2022-08-21;2023-03-31;15;1;24;1
SK;2022-08-21;2023-03-31;15;2;24;1
SK;2022-08-21;2023-03-31;15;2;24;1
SK;2022-08-21;2023-03-31;15;2;24;1
SK;2022-08-21;2023-03-31;15;2;24;1
SK;2022-08-21;2023-03-31;15;2;24;1
SK;2022-08-21;2023-03-31;15;3;24;1
SK;2022-08-21;2023-03-31;15;3;24;1
SK;2022-08-21;2023-03-31;15;3;24;1
SK;2022-08-21;2023-03-31;15;3;24;1
SK;2022-08-21;2023-03-31;0.1;1;48;0
SK;2022-08-21;2023-03-31;0.1;1;48;0
SK;2022-08-21;2023-03-31;0.1;1;48;0
SK;2022-08-21;2023-03-31;0.1;1;48;0
SK;2022-08-21;2023-03-31;0.1;1;48;0
SK;2022-08-21;2023-03-31;0.1;2;48;0
SK;2022-08-21;2023-03-31;0.1;2;48;0
SK;2022-08-21;2023-03-31;0.1;2;48;0
SK;2022-08-21;2023-03-31;0.1;2;48;0
SK;2022-08-21;2023-03-31;0.1;2;48;0
SK;2022-08-21;2023-03-31;0.1;3;48;0
SK;2022-08-21;2023-03-31;0.1;3;48;0
SK;2022-08-21;2023-03-31;0.1;3;48;0
SK;2022-08-21;2023-03-31;0.1;3;48;0
SK;2022-08-21;2023-03-31;1;1;48;0
SK;2022-08-21;2023-03-31;1;1;48;0
SK;2022-08-21;2023-03-31;1;1;48;0
SK;2022-08-21;2023-03-31;1;1;48;0
SK;2022-08-21;2023-03-31;1;1;48;0
SK;2022-08-21;2023-03-31;1;2;48;1
SK;2022-08-21;2023-03-31;1;2;48;0
SK;2022-08-21;2023-03-31;1;2;48;0
SK;2022-08-21;2023-03-31;1;2;48;0
SK;2022-08-21;2023-03-31;1;3;48;1
SK;2022-08-21;2023-03-31;1;3;48;0
SK;2022-08-21;2023-03-31;1;3;48;0
SK;2022-08-21;2023-03-31;1;3;48;0
SK;2022-08-21;2023-03-31;2;1;48;1
SK;2022-08-21;2023-03-31;2;1;48;1
SK;2022-08-21;2023-03-31;2;1;48;0
SK;2022-08-21;2023-03-31;2;1;48;0
SK;2022-08-21;2023-03-31;2;2;48;1
SK;2022-08-21;2023-03-31;2;2;48;1
SK;2022-08-21;2023-03-31;2;2;48;1
SK;2022-08-21;2023-03-31;2;2;48;0
SK;2022-08-21;2023-03-31;2;2;48;0
SK;2022-08-21;2023-03-31;2;3;48;1
SK;2022-08-21;2023-03-31;2;3;48;1
SK;2022-08-21;2023-03-31;2;3;48;1
SK;2022-08-21;2023-03-31;2;3;48;1
SK;2022-08-21;2023-03-31;2;3;48;0
SK;2022-08-21;2023-03-31;3;1;48;1
SK;2022-08-21;2023-03-31;3;1;48;1
SK;2022-08-21;2023-03-31;3;1;48;1
SK;2022-08-21;2023-03-31;3;1;48;1
SK;2022-08-21;2023-03-31;3;1;48;0
SK;2022-08-21;2023-03-31;3;2;48;1
SK;2022-08-21;2023-03-31;3;2;48;1
SK;2022-08-21;2023-03-31;3;2;48;1
SK;2022-08-21;2023-03-31;3;2;48;1
SK;2022-08-21;2023-03-31;3;2;48;1
SK;2022-08-21;2023-03-31;3;3;48;1
SK;2022-08-21;2023-03-31;3;3;48;1
SK;2022-08-21;2023-03-31;3;3;48;1
SK;2022-08-21;2023-03-31;3;3;48;1
SK;2022-08-21;2023-03-31;3;3;48;0
SK;2022-08-21;2023-03-31;5;1;48;1
SK;2022-08-21;2023-03-31;5;1;48;1
SK;2022-08-21;2023-03-31;5;1;48;1
SK;2022-08-21;2023-03-31;5;1;48;1
SK;2022-08-21;2023-03-31;5;1;48;1
SK;2022-08-21;2023-03-31;5;2;48;1
SK;2022-08-21;2023-03-31;5;2;48;1
SK;2022-08-21;2023-03-31;5;2;48;1
SK;2022-08-21;2023-03-31;5;2;48;1
SK;2022-08-21;2023-03-31;5;2;48;1
SK;2022-08-21;2023-03-31;5;3;48;1
SK;2022-08-21;2023-03-31;5;3;48;1
SK;2022-08-21;2023-03-31;5;3;48;1
SK;2022-08-21;2023-03-31;15;1;48;1
SK;2022-08-21;2023-03-31;15;1;48;1
SK;2022-08-21;2023-03-31;15;1;48;1
SK;2022-08-21;2023-03-31;15;1;48;1
SK;2022-08-21;2023-03-31;15;1;48;1
SK;2022-08-21;2023-03-31;15;2;48;1
SK;2022-08-21;2023-03-31;15;2;48;1
SK;2022-08-21;2023-03-31;15;2;48;1
SK;2022-08-21;2023-03-31;15;2;48;1
SK;2022-08-21;2023-03-31;15;2;48;1
SK;2022-08-21;2023-03-31;15;3;48;1
SK;2022-08-21;2023-03-31;15;3;48;1
SK;2022-08-21;2023-03-31;15;3;48;1
SK;2022-08-21;2023-03-31;15;3;48;1
SK;2022-08-21;2023-03-31;0.1;1;72;0
SK;2022-08-21;2023-03-31;0.1;1;72;0
SK;2022-08-21;2023-03-31;0.1;1;72;0
SK;2022-08-21;2023-03-31;0.1;1;72;0
SK;2022-08-21;2023-03-31;0.1;1;72;0
SK;2022-08-21;2023-03-31;0.1;2;72;0
SK;2022-08-21;2023-03-31;0.1;2;72;0
SK;2022-08-21;2023-03-31;0.1;2;72;0
SK;2022-08-21;2023-03-31;0.1;2;72;0
SK;2022-08-21;2023-03-31;0.1;2;72;0
SK;2022-08-21;2023-03-31;0.1;3;72;0
SK;2022-08-21;2023-03-31;0.1;3;72;0
SK;2022-08-21;2023-03-31;0.1;3;72;0
SK;2022-08-21;2023-03-31;0.1;3;72;0
SK;2022-08-21;2023-03-31;1;1;72;0
SK;2022-08-21;2023-03-31;1;1;72;0
SK;2022-08-21;2023-03-31;1;1;72;0
SK;2022-08-21;2023-03-31;1;1;72;0
SK;2022-08-21;2023-03-31;1;1;72;0
SK;2022-08-21;2023-03-31;1;2;72;1
SK;2022-08-21;2023-03-31;1;2;72;0
SK;2022-08-21;2023-03-31;1;2;72;0
SK;2022-08-21;2023-03-31;1;2;72;0
SK;2022-08-21;2023-03-31;1;3;72;1
SK;2022-08-21;2023-03-31;1;3;72;0
SK;2022-08-21;2023-03-31;1;3;72;0
SK;2022-08-21;2023-03-31;1;3;72;0
SK;2022-08-21;2023-03-31;2;1;72;1
SK;2022-08-21;2023-03-31;2;1;72;1
SK;2022-08-21;2023-03-31;2;1;72;0
SK;2022-08-21;2023-03-31;2;1;72;0
SK;2022-08-21;2023-03-31;2;2;72;1
SK;2022-08-21;2023-03-31;2;2;72;1
SK;2022-08-21;2023-03-31;2;2;72;1
SK;2022-08-21;2023-03-31;2;2;72;0
SK;2022-08-21;2023-03-31;2;2;72;0
SK;2022-08-21;2023-03-31;2;3;72;1
SK;2022-08-21;2023-03-31;2;3;72;1
SK;2022-08-21;2023-03-31;2;3;72;0
SK;2022-08-21;2023-03-31;2;3;72;0
SK;2022-08-21;2023-03-31;2;3;72;0
SK;2022-08-21;2023-03-31;3;1;72;1
SK;2022-08-21;2023-03-31;3;1;72;1
SK;2022-08-21;2023-03-31;3;1;72;1
SK;2022-08-21;2023-03-31;3;1;72;1
SK;2022-08-21;2023-03-31;3;1;72;0
SK;2022-08-21;2023-03-31;3;2;72;1
SK;2022-08-21;2023-03-31;3;2;72;1
SK;2022-08-21;2023-03-31;3;2;72;1
SK;2022-08-21;2023-03-31;3;2;72;1
SK;2022-08-21;2023-03-31;3;2;72;1
SK;2022-08-21;2023-03-31;3;3;72;1
SK;2022-08-21;2023-03-31;3;3;72;1
SK;2022-08-21;2023-03-31;3;3;72;1
SK;2022-08-21;2023-03-31;3;3;72;0
SK;2022-08-21;2023-03-31;3;3;72;0
SK;2022-08-21;2023-03-31;5;1;72;1
SK;2022-08-21;2023-03-31;5;1;72;1
SK;2022-08-21;2023-03-31;5;1;72;1
SK;2022-08-21;2023-03-31;5;1;72;1
SK;2022-08-21;2023-03-31;5;1;72;1
SK;2022-08-21;2023-03-31;5;2;72;1
SK;2022-08-21;2023-03-31;5;2;72;1
SK;2022-08-21;2023-03-31;5;2;72;1
SK;2022-08-21;2023-03-31;5;2;72;1
SK;2022-08-21;2023-03-31;5;2;72;1
SK;2022-08-21;2023-03-31;5;3;72;1
SK;2022-08-21;2023-03-31;5;3;72;1
SK;2022-08-21;2023-03-31;5;3;72;1
SK;2022-08-21;2023-03-31;15;1;72;1
SK;2022-08-21;2023-03-31;15;1;72;1
SK;2022-08-21;2023-03-31;15;1;72;1
SK;2022-08-21;2023-03-31;15;1;72;1
SK;2022-08-21;2023-03-31;15;1;72;1
SK;2022-08-21;2023-03-31;15;2;72;1
SK;2022-08-21;2023-03-31;15;2;72;1
SK;2022-08-21;2023-03-31;15;2;72;1
SK;2022-08-21;2023-03-31;15;2;72;1
SK;2022-08-21;2023-03-31;15;2;72;1
SK;2022-08-21;2023-03-31;15;3;72;1
SK;2022-08-21;2023-03-31;15;3;72;1
SK;2022-08-21;2023-03-31;15;3;72;1
SK;2022-08-21;2023-03-31;15;3;72;1
SW08;2022-08-31;2023-04-11;0.1;1;2;1
SW08;2022-08-31;2023-04-11;0.1;1;2;0
SW08;2022-08-31;2023-04-11;0.1;1;2;0
SW08;2022-08-31;2023-04-11;0.1;1;2;0
SW08;2022-08-31;2023-04-11;0.1;1;2;0
SW08;2022-08-31;2023-04-11;0.1;2;2;1
SW08;2022-08-31;2023-04-11;0.1;2;2;1
SW08;2022-08-31;2023-04-11;0.1;2;2;0
SW08;2022-08-31;2023-04-11;0.1;2;2;0
SW08;2022-08-31;2023-04-11;0.1;2;2;0
SW08;2022-08-31;2023-04-11;0.1;3;2;1
SW08;2022-08-31;2023-04-11;0.1;3;2;1
SW08;2022-08-31;2023-04-11;0.1;3;2;0
SW08;2022-08-31;2023-04-11;0.1;3;2;0
SW08;2022-08-31;2023-04-11;0.1;3;2;0
SW08;2022-08-31;2023-04-11;1;1;2;1
SW08;2022-08-31;2023-04-11;1;1;2;1
SW08;2022-08-31;2023-04-11;1;1;2;0
SW08;2022-08-31;2023-04-11;1;1;2;0
SW08;2022-08-31;2023-04-11;1;1;2;0
SW08;2022-08-31;2023-04-11;1;2;2;1
SW08;2022-08-31;2023-04-11;1;2;2;1
SW08;2022-08-31;2023-04-11;1;2;2;1
SW08;2022-08-31;2023-04-11;1;2;2;0
SW08;2022-08-31;2023-04-11;1;2;2;0
SW08;2022-08-31;2023-04-11;1;3;2;1
SW08;2022-08-31;2023-04-11;1;3;2;0
SW08;2022-08-31;2023-04-11;1;3;2;0
SW08;2022-08-31;2023-04-11;1;3;2;0
SW08;2022-08-31;2023-04-11;1;3;2;0
SW08;2022-08-31;2023-04-11;2;1;2;1
SW08;2022-08-31;2023-04-11;2;1;2;1
SW08;2022-08-31;2023-04-11;2;1;2;1
SW08;2022-08-31;2023-04-11;2;1;2;1
SW08;2022-08-31;2023-04-11;2;1;2;1
SW08;2022-08-31;2023-04-11;2;2;2;1
SW08;2022-08-31;2023-04-11;2;2;2;1
SW08;2022-08-31;2023-04-11;2;2;2;1
SW08;2022-08-31;2023-04-11;2;2;2;1
SW08;2022-08-31;2023-04-11;2;2;2;1
SW08;2022-08-31;2023-04-11;2;3;2;1
SW08;2022-08-31;2023-04-11;2;3;2;1
SW08;2022-08-31;2023-04-11;2;3;2;1
SW08;2022-08-31;2023-04-11;2;3;2;1
SW08;2022-08-31;2023-04-11;2;3;2;1
SW08;2022-08-31;2023-04-11;3;1;2;1
SW08;2022-08-31;2023-04-11;3;1;2;1
SW08;2022-08-31;2023-04-11;3;1;2;1
SW08;2022-08-31;2023-04-11;3;1;2;1
SW08;2022-08-31;2023-04-11;3;1;2;1
SW08;2022-08-31;2023-04-11;3;2;2;1
SW08;2022-08-31;2023-04-11;3;2;2;1
SW08;2022-08-31;2023-04-11;3;2;2;1
SW08;2022-08-31;2023-04-11;3;2;2;1
SW08;2022-08-31;2023-04-11;3;2;2;1
SW08;2022-08-31;2023-04-11;3;3;2;1
SW08;2022-08-31;2023-04-11;3;3;2;1
SW08;2022-08-31;2023-04-11;3;3;2;1
SW08;2022-08-31;2023-04-11;3;3;2;1
SW08;2022-08-31;2023-04-11;3;3;2;1
SW08;2022-08-31;2023-04-11;5;1;2;1
SW08;2022-08-31;2023-04-11;5;1;2;1
SW08;2022-08-31;2023-04-11;5;1;2;1
SW08;2022-08-31;2023-04-11;5;1;2;1
SW08;2022-08-31;2023-04-11;5;1;2;1
SW08;2022-08-31;2023-04-11;5;2;2;1
SW08;2022-08-31;2023-04-11;5;2;2;1
SW08;2022-08-31;2023-04-11;5;2;2;1
SW08;2022-08-31;2023-04-11;5;2;2;1
SW08;2022-08-31;2023-04-11;5;2;2;1
SW08;2022-08-31;2023-04-11;5;3;2;1
SW08;2022-08-31;2023-04-11;5;3;2;1
SW08;2022-08-31;2023-04-11;5;3;2;1
SW08;2022-08-31;2023-04-11;5;3;2;1
SW08;2022-08-31;2023-04-11;5;3;2;1
SW08;2022-08-31;2023-04-11;15;1;2;1
SW08;2022-08-31;2023-04-11;15;1;2;1
SW08;2022-08-31;2023-04-11;15;1;2;1
SW08;2022-08-31;2023-04-11;15;1;2;1
SW08;2022-08-31;2023-04-11;15;1;2;1
SW08;2022-08-31;2023-04-11;15;2;2;1
SW08;2022-08-31;2023-04-11;15;2;2;1
SW08;2022-08-31;2023-04-11;15;2;2;1
SW08;2022-08-31;2023-04-11;15;2;2;1
SW08;2022-08-31;2023-04-11;15;2;2;1
SW08;2022-08-31;2023-04-11;15;3;2;1
SW08;2022-08-31;2023-04-11;15;3;2;1
SW08;2022-08-31;2023-04-11;15;3;2;1
SW08;2022-08-31;2023-04-11;15;3;2;1
SW08;2022-08-31;2023-04-11;15;3;2;1
SW08;2022-08-31;2023-04-11;0.1;1;24;0
SW08;2022-08-31;2023-04-11;0.1;1;24;0
SW08;2022-08-31;2023-04-11;0.1;1;24;0
SW08;2022-08-31;2023-04-11;0.1;1;24;0
SW08;2022-08-31;2023-04-11;0.1;1;24;0
SW08;2022-08-31;2023-04-11;0.1;2;24;0
SW08;2022-08-31;2023-04-11;0.1;2;24;0
SW08;2022-08-31;2023-04-11;0.1;2;24;0
SW08;2022-08-31;2023-04-11;0.1;2;24;0
SW08;2022-08-31;2023-04-11;0.1;2;24;0
SW08;2022-08-31;2023-04-11;0.1;3;24;0
SW08;2022-08-31;2023-04-11;0.1;3;24;0
SW08;2022-08-31;2023-04-11;0.1;3;24;0
SW08;2022-08-31;2023-04-11;0.1;3;24;0
SW08;2022-08-31;2023-04-11;0.1;3;24;0
SW08;2022-08-31;2023-04-11;1;1;24;0
SW08;2022-08-31;2023-04-11;1;1;24;0
SW08;2022-08-31;2023-04-11;1;1;24;0
SW08;2022-08-31;2023-04-11;1;1;24;0
SW08;2022-08-31;2023-04-11;1;1;24;0
SW08;2022-08-31;2023-04-11;1;2;24;1
SW08;2022-08-31;2023-04-11;1;2;24;1
SW08;2022-08-31;2023-04-11;1;2;24;0
SW08;2022-08-31;2023-04-11;1;2;24;0
SW08;2022-08-31;2023-04-11;1;2;24;0
SW08;2022-08-31;2023-04-11;1;3;24;1
SW08;2022-08-31;2023-04-11;1;3;24;0
SW08;2022-08-31;2023-04-11;1;3;24;0
SW08;2022-08-31;2023-04-11;1;3;24;0
SW08;2022-08-31;2023-04-11;1;3;24;0
SW08;2022-08-31;2023-04-11;2;1;24;1
SW08;2022-08-31;2023-04-11;2;1;24;1
SW08;2022-08-31;2023-04-11;2;1;24;1
SW08;2022-08-31;2023-04-11;2;1;24;1
SW08;2022-08-31;2023-04-11;2;1;24;0
SW08;2022-08-31;2023-04-11;2;2;24;1
SW08;2022-08-31;2023-04-11;2;2;24;1
SW08;2022-08-31;2023-04-11;2;2;24;1
SW08;2022-08-31;2023-04-11;2;2;24;1
SW08;2022-08-31;2023-04-11;2;2;24;1
SW08;2022-08-31;2023-04-11;2;3;24;1
SW08;2022-08-31;2023-04-11;2;3;24;1
SW08;2022-08-31;2023-04-11;2;3;24;1
SW08;2022-08-31;2023-04-11;2;3;24;1
SW08;2022-08-31;2023-04-11;2;3;24;1
SW08;2022-08-31;2023-04-11;3;1;24;1
SW08;2022-08-31;2023-04-11;3;1;24;1
SW08;2022-08-31;2023-04-11;3;1;24;1
SW08;2022-08-31;2023-04-11;3;1;24;1
SW08;2022-08-31;2023-04-11;3;1;24;1
SW08;2022-08-31;2023-04-11;3;2;24;1
SW08;2022-08-31;2023-04-11;3;2;24;1
SW08;2022-08-31;2023-04-11;3;2;24;1
SW08;2022-08-31;2023-04-11;3;2;24;1
SW08;2022-08-31;2023-04-11;3;2;24;1
SW08;2022-08-31;2023-04-11;3;3;24;1
SW08;2022-08-31;2023-04-11;3;3;24;1
SW08;2022-08-31;2023-04-11;3;3;24;1
SW08;2022-08-31;2023-04-11;3;3;24;1
SW08;2022-08-31;2023-04-11;3;3;24;1
SW08;2022-08-31;2023-04-11;5;1;24;1
SW08;2022-08-31;2023-04-11;5;1;24;1
SW08;2022-08-31;2023-04-11;5;1;24;1
SW08;2022-08-31;2023-04-11;5;1;24;1
SW08;2022-08-31;2023-04-11;5;1;24;1
SW08;2022-08-31;2023-04-11;5;2;24;1
SW08;2022-08-31;2023-04-11;5;2;24;1
SW08;2022-08-31;2023-04-11;5;2;24;1
SW08;2022-08-31;2023-04-11;5;2;24;1
SW08;2022-08-31;2023-04-11;5;2;24;1
SW08;2022-08-31;2023-04-11;5;3;24;1
SW08;2022-08-31;2023-04-11;5;3;24;1
SW08;2022-08-31;2023-04-11;5;3;24;1
SW08;2022-08-31;2023-04-11;5;3;24;1
SW08;2022-08-31;2023-04-11;5;3;24;1
SW08;2022-08-31;2023-04-11;15;1;24;1
SW08;2022-08-31;2023-04-11;15;1;24;1
SW08;2022-08-31;2023-04-11;15;1;24;1
SW08;2022-08-31;2023-04-11;15;1;24;1
SW08;2022-08-31;2023-04-11;15;1;24;1
SW08;2022-08-31;2023-04-11;15;2;24;1
SW08;2022-08-31;2023-04-11;15;2;24;1
SW08;2022-08-31;2023-04-11;15;2;24;1
SW08;2022-08-31;2023-04-11;15;2;24;1
SW08;2022-08-31;2023-04-11;15;2;24;1
SW08;2022-08-31;2023-04-11;15;3;24;1
SW08;2022-08-31;2023-04-11;15;3;24;1
SW08;2022-08-31;2023-04-11;15;3;24;1
SW08;2022-08-31;2023-04-11;15;3;24;1
SW08;2022-08-31;2023-04-11;15;3;24;1
SW08;2022-08-31;2023-04-11;0.1;1;48;0
SW08;2022-08-31;2023-04-11;0.1;1;48;0
SW08;2022-08-31;2023-04-11;0.1;1;48;0
SW08;2022-08-31;2023-04-11;0.1;1;48;0
SW08;2022-08-31;2023-04-11;0.1;1;48;0
SW08;2022-08-31;2023-04-11;0.1;2;48;0
SW08;2022-08-31;2023-04-11;0.1;2;48;0
SW08;2022-08-31;2023-04-11;0.1;2;48;0
SW08;2022-08-31;2023-04-11;0.1;2;48;0
SW08;2022-08-31;2023-04-11;0.1;2;48;0
SW08;2022-08-31;2023-04-11;0.1;3;48;0
SW08;2022-08-31;2023-04-11;0.1;3;48;0
SW08;2022-08-31;2023-04-11;0.1;3;48;0
SW08;2022-08-31;2023-04-11;0.1;3;48;0
SW08;2022-08-31;2023-04-11;0.1;3;48;0
SW08;2022-08-31;2023-04-11;1;1;48;0
SW08;2022-08-31;2023-04-11;1;1;48;0
SW08;2022-08-31;2023-04-11;1;1;48;0
SW08;2022-08-31;2023-04-11;1;1;48;0
SW08;2022-08-31;2023-04-11;1;1;48;0
SW08;2022-08-31;2023-04-11;1;2;48;1
SW08;2022-08-31;2023-04-11;1;2;48;1
SW08;2022-08-31;2023-04-11;1;2;48;0
SW08;2022-08-31;2023-04-11;1;2;48;0
SW08;2022-08-31;2023-04-11;1;2;48;0
SW08;2022-08-31;2023-04-11;1;3;48;1
SW08;2022-08-31;2023-04-11;1;3;48;0
SW08;2022-08-31;2023-04-11;1;3;48;0
SW08;2022-08-31;2023-04-11;1;3;48;0
SW08;2022-08-31;2023-04-11;1;3;48;0
SW08;2022-08-31;2023-04-11;2;1;48;1
SW08;2022-08-31;2023-04-11;2;1;48;1
SW08;2022-08-31;2023-04-11;2;1;48;1
SW08;2022-08-31;2023-04-11;2;1;48;0
SW08;2022-08-31;2023-04-11;2;1;48;0
SW08;2022-08-31;2023-04-11;2;2;48;1
SW08;2022-08-31;2023-04-11;2;2;48;1
SW08;2022-08-31;2023-04-11;2;2;48;1
SW08;2022-08-31;2023-04-11;2;2;48;1
SW08;2022-08-31;2023-04-11;2;2;48;0
SW08;2022-08-31;2023-04-11;2;3;48;1
SW08;2022-08-31;2023-04-11;2;3;48;1
SW08;2022-08-31;2023-04-11;2;3;48;1
SW08;2022-08-31;2023-04-11;2;3;48;1
SW08;2022-08-31;2023-04-11;2;3;48;1
SW08;2022-08-31;2023-04-11;3;1;48;1
SW08;2022-08-31;2023-04-11;3;1;48;1
SW08;2022-08-31;2023-04-11;3;1;48;1
SW08;2022-08-31;2023-04-11;3;1;48;1
SW08;2022-08-31;2023-04-11;3;1;48;1
SW08;2022-08-31;2023-04-11;3;2;48;1
SW08;2022-08-31;2023-04-11;3;2;48;1
SW08;2022-08-31;2023-04-11;3;2;48;1
SW08;2022-08-31;2023-04-11;3;2;48;1
SW08;2022-08-31;2023-04-11;3;2;48;1
SW08;2022-08-31;2023-04-11;3;3;48;1
SW08;2022-08-31;2023-04-11;3;3;48;1
SW08;2022-08-31;2023-04-11;3;3;48;1
SW08;2022-08-31;2023-04-11;3;3;48;1
SW08;2022-08-31;2023-04-11;3;3;48;1
SW08;2022-08-31;2023-04-11;5;1;48;1
SW08;2022-08-31;2023-04-11;5;1;48;1
SW08;2022-08-31;2023-04-11;5;1;48;1
SW08;2022-08-31;2023-04-11;5;1;48;1
SW08;2022-08-31;2023-04-11;5;1;48;1
SW08;2022-08-31;2023-04-11;5;2;48;1
SW08;2022-08-31;2023-04-11;5;2;48;1
SW08;2022-08-31;2023-04-11;5;2;48;1
SW08;2022-08-31;2023-04-11;5;2;48;1
SW08;2022-08-31;2023-04-11;5;2;48;1
SW08;2022-08-31;2023-04-11;5;3;48;1
SW08;2022-08-31;2023-04-11;5;3;48;1
SW08;2022-08-31;2023-04-11;5;3;48;1
SW08;2022-08-31;2023-04-11;5;3;48;1
SW08;2022-08-31;2023-04-11;5;3;48;1
SW08;2022-08-31;2023-04-11;15;1;48;1
SW08;2022-08-31;2023-04-11;15;1;48;1
SW08;2022-08-31;2023-04-11;15;1;48;1
SW08;2022-08-31;2023-04-11;15;1;48;1
SW08;2022-08-31;2023-04-11;15;1;48;1
SW08;2022-08-31;2023-04-11;15;2;48;1
SW08;2022-08-31;2023-04-11;15;2;48;1
SW08;2022-08-31;2023-04-11;15;2;48;1
SW08;2022-08-31;2023-04-11;15;2;48;1
SW08;2022-08-31;2023-04-11;15;2;48;1
SW08;2022-08-31;2023-04-11;15;3;48;1
SW08;2022-08-31;2023-04-11;15;3;48;1
SW08;2022-08-31;2023-04-11;15;3;48;1
SW08;2022-08-31;2023-04-11;15;3;48;1
SW08;2022-08-31;2023-04-11;15;3;48;1
SW08;2022-08-31;2023-04-11;0.1;1;72;0
SW08;2022-08-31;2023-04-11;0.1;1;72;0
SW08;2022-08-31;2023-04-11;0.1;1;72;0
SW08;2022-08-31;2023-04-11;0.1;1;72;0
SW08;2022-08-31;2023-04-11;0.1;1;72;0
SW08;2022-08-31;2023-04-11;0.1;2;72;0
SW08;2022-08-31;2023-04-11;0.1;2;72;0
SW08;2022-08-31;2023-04-11;0.1;2;72;0
SW08;2022-08-31;2023-04-11;0.1;2;72;0
SW08;2022-08-31;2023-04-11;0.1;2;72;0
SW08;2022-08-31;2023-04-11;0.1;3;72;0
SW08;2022-08-31;2023-04-11;0.1;3;72;0
SW08;2022-08-31;2023-04-11;0.1;3;72;0
SW08;2022-08-31;2023-04-11;0.1;3;72;0
SW08;2022-08-31;2023-04-11;0.1;3;72;0
SW08;2022-08-31;2023-04-11;1;1;72;0
SW08;2022-08-31;2023-04-11;1;1;72;0
SW08;2022-08-31;2023-04-11;1;1;72;0
SW08;2022-08-31;2023-04-11;1;1;72;0
SW08;2022-08-31;2023-04-11;1;1;72;0
SW08;2022-08-31;2023-04-11;1;2;72;1
SW08;2022-08-31;2023-04-11;1;2;72;0
SW08;2022-08-31;2023-04-11;1;2;72;0
SW08;2022-08-31;2023-04-11;1;2;72;0
SW08;2022-08-31;2023-04-11;1;2;72;0
SW08;2022-08-31;2023-04-11;1;3;72;1
SW08;2022-08-31;2023-04-11;1;3;72;0
SW08;2022-08-31;2023-04-11;1;3;72;0
SW08;2022-08-31;2023-04-11;1;3;72;0
SW08;2022-08-31;2023-04-11;1;3;72;0
SW08;2022-08-31;2023-04-11;2;1;72;1
SW08;2022-08-31;2023-04-11;2;1;72;1
SW08;2022-08-31;2023-04-11;2;1;72;1
SW08;2022-08-31;2023-04-11;2;1;72;0
SW08;2022-08-31;2023-04-11;2;1;72;0
SW08;2022-08-31;2023-04-11;2;2;72;1
SW08;2022-08-31;2023-04-11;2;2;72;1
SW08;2022-08-31;2023-04-11;2;2;72;1
SW08;2022-08-31;2023-04-11;2;2;72;1
SW08;2022-08-31;2023-04-11;2;2;72;0
SW08;2022-08-31;2023-04-11;2;3;72;1
SW08;2022-08-31;2023-04-11;2;3;72;1
SW08;2022-08-31;2023-04-11;2;3;72;1
SW08;2022-08-31;2023-04-11;2;3;72;1
SW08;2022-08-31;2023-04-11;2;3;72;0
SW08;2022-08-31;2023-04-11;3;1;72;1
SW08;2022-08-31;2023-04-11;3;1;72;1
SW08;2022-08-31;2023-04-11;3;1;72;1
SW08;2022-08-31;2023-04-11;3;1;72;1
SW08;2022-08-31;2023-04-11;3;1;72;1
SW08;2022-08-31;2023-04-11;3;2;72;1
SW08;2022-08-31;2023-04-11;3;2;72;1
SW08;2022-08-31;2023-04-11;3;2;72;1
SW08;2022-08-31;2023-04-11;3;2;72;1
SW08;2022-08-31;2023-04-11;3;2;72;0
SW08;2022-08-31;2023-04-11;3;3;72;1
SW08;2022-08-31;2023-04-11;3;3;72;1
SW08;2022-08-31;2023-04-11;3;3;72;1
SW08;2022-08-31;2023-04-11;3;3;72;1
SW08;2022-08-31;2023-04-11;3;3;72;1
SW08;2022-08-31;2023-04-11;5;1;72;1
SW08;2022-08-31;2023-04-11;5;1;72;1
SW08;2022-08-31;2023-04-11;5;1;72;1
SW08;2022-08-31;2023-04-11;5;1;72;1
SW08;2022-08-31;2023-04-11;5;1;72;1
SW08;2022-08-31;2023-04-11;5;2;72;1
SW08;2022-08-31;2023-04-11;5;2;72;1
SW08;2022-08-31;2023-04-11;5;2;72;1
SW08;2022-08-31;2023-04-11;5;2;72;1
SW08;2022-08-31;2023-04-11;5;2;72;1
SW08;2022-08-31;2023-04-11;5;3;72;1
SW08;2022-08-31;2023-04-11;5;3;72;1
SW08;2022-08-31;2023-04-11;5;3;72;1
SW08;2022-08-31;2023-04-11;5;3;72;1
SW08;2022-08-31;2023-04-11;5;3;72;1
SW08;2022-08-31;2023-04-11;15;1;72;1
SW08;2022-08-31;2023-04-11;15;1;72;1
SW08;2022-08-31;2023-04-11;15;1;72;1
SW08;2022-08-31;2023-04-11;15;1;72;1
SW08;2022-08-31;2023-04-11;15;1;72;1
SW08;2022-08-31;2023-04-11;15;2;72;1
SW08;2022-08-31;2023-04-11;15;2;72;1
SW08;2022-08-31;2023-04-11;15;2;72;1
SW08;2022-08-31;2023-04-11;15;2;72;1
SW08;2022-08-31;2023-04-11;15;2;72;1
SW08;2022-08-31;2023-04-11;15;3;72;1
SW08;2022-08-31;2023-04-11;15;3;72;1
SW08;2022-08-31;2023-04-11;15;3;72;1
SW08;2022-08-31;2023-04-11;15;3;72;1
SW08;2022-08-31;2023-04-11;15;3;72;1
KB03;2022-08-30;2023-06-20;0.1;1;2;0
KB03;2022-08-30;2023-06-20;0.1;1;2;0
KB03;2022-08-30;2023-06-20;0.1;1;2;0
KB03;2022-08-30;2023-06-20;0.1;1;2;0
KB03;2022-08-30;2023-06-20;0.1;1;2;0
KB03;2022-08-30;2023-06-20;0.1;2;2;1
KB03;2022-08-30;2023-06-20;0.1;2;2;1
KB03;2022-08-30;2023-06-20;0.1;2;2;1
KB03;2022-08-30;2023-06-20;0.1;2;2;0
KB03;2022-08-30;2023-06-20;0.1;2;2;0
KB03;2022-08-30;2023-06-20;0.1;3;2;0
KB03;2022-08-30;2023-06-20;0.1;3;2;0
KB03;2022-08-30;2023-06-20;0.1;3;2;0
KB03;2022-08-30;2023-06-20;0.1;3;2;0
KB03;2022-08-30;2023-06-20;0.1;3;2;0
KB03;2022-08-30;2023-06-20;1;1;2;1
KB03;2022-08-30;2023-06-20;1;1;2;1
KB03;2022-08-30;2023-06-20;1;1;2;1
KB03;2022-08-30;2023-06-20;1;1;2;0
KB03;2022-08-30;2023-06-20;1;1;2;0
KB03;2022-08-30;2023-06-20;1;2;2;1
KB03;2022-08-30;2023-06-20;1;2;2;1
KB03;2022-08-30;2023-06-20;1;2;2;0
KB03;2022-08-30;2023-06-20;1;2;2;0
KB03;2022-08-30;2023-06-20;1;2;2;0
KB03;2022-08-30;2023-06-20;1;3;2;1
KB03;2022-08-30;2023-06-20;1;3;2;1
KB03;2022-08-30;2023-06-20;1;3;2;1
KB03;2022-08-30;2023-06-20;1;3;2;0
KB03;2022-08-30;2023-06-20;1;3;2;0
KB03;2022-08-30;2023-06-20;2;1;2;1
KB03;2022-08-30;2023-06-20;2;1;2;1
KB03;2022-08-30;2023-06-20;2;1;2;1
KB03;2022-08-30;2023-06-20;2;1;2;1
KB03;2022-08-30;2023-06-20;2;1;2;1
KB03;2022-08-30;2023-06-20;2;2;2;1
KB03;2022-08-30;2023-06-20;2;2;2;1
KB03;2022-08-30;2023-06-20;2;2;2;1
KB03;2022-08-30;2023-06-20;2;2;2;1
KB03;2022-08-30;2023-06-20;2;2;2;1
KB03;2022-08-30;2023-06-20;2;3;2;1
KB03;2022-08-30;2023-06-20;2;3;2;1
KB03;2022-08-30;2023-06-20;2;3;2;1
KB03;2022-08-30;2023-06-20;2;3;2;1
KB03;2022-08-30;2023-06-20;2;3;2;1
KB03;2022-08-30;2023-06-20;3;1;2;1
KB03;2022-08-30;2023-06-20;3;1;2;1
KB03;2022-08-30;2023-06-20;3;1;2;1
KB03;2022-08-30;2023-06-20;3;1;2;1
KB03;2022-08-30;2023-06-20;3;1;2;1
KB03;2022-08-30;2023-06-20;3;2;2;1
KB03;2022-08-30;2023-06-20;3;2;2;1
KB03;2022-08-30;2023-06-20;3;2;2;1
KB03;2022-08-30;2023-06-20;3;2;2;1
KB03;2022-08-30;2023-06-20;3;2;2;1
KB03;2022-08-30;2023-06-20;3;3;2;1
KB03;2022-08-30;2023-06-20;3;3;2;1
KB03;2022-08-30;2023-06-20;3;3;2;1
KB03;2022-08-30;2023-06-20;3;3;2;1
KB03;2022-08-30;2023-06-20;3;3;2;1
KB03;2022-08-30;2023-06-20;5;1;2;1
KB03;2022-08-30;2023-06-20;5;1;2;1
KB03;2022-08-30;2023-06-20;5;1;2;1
KB03;2022-08-30;2023-06-20;5;1;2;1
KB03;2022-08-30;2023-06-20;5;1;2;1
KB03;2022-08-30;2023-06-20;5;2;2;1
KB03;2022-08-30;2023-06-20;5;2;2;1
KB03;2022-08-30;2023-06-20;5;2;2;1
KB03;2022-08-30;2023-06-20;5;2;2;1
KB03;2022-08-30;2023-06-20;5;2;2;1
KB03;2022-08-30;2023-06-20;5;3;2;1
KB03;2022-08-30;2023-06-20;5;3;2;1
KB03;2022-08-30;2023-06-20;5;3;2;1
KB03;2022-08-30;2023-06-20;5;3;2;1
KB03;2022-08-30;2023-06-20;15;1;2;1
KB03;2022-08-30;2023-06-20;15;1;2;1
KB03;2022-08-30;2023-06-20;15;1;2;1
KB03;2022-08-30;2023-06-20;15;1;2;1
KB03;2022-08-30;2023-06-20;15;2;2;1
KB03;2022-08-30;2023-06-20;15;2;2;1
KB03;2022-08-30;2023-06-20;15;2;2;1
KB03;2022-08-30;2023-06-20;15;2;2;1
KB03;2022-08-30;2023-06-20;15;2;2;1
KB03;2022-08-30;2023-06-20;15;3;2;1
KB03;2022-08-30;2023-06-20;15;3;2;1
KB03;2022-08-30;2023-06-20;15;3;2;1
KB03;2022-08-30;2023-06-20;15;3;2;1
KB03;2022-08-30;2023-06-20;15;3;2;1
KB03;2022-08-30;2023-06-20;0.1;1;24;0
KB03;2022-08-30;2023-06-20;0.1;1;24;0
KB03;2022-08-30;2023-06-20;0.1;1;24;0
KB03;2022-08-30;2023-06-20;0.1;1;24;0
KB03;2022-08-30;2023-06-20;0.1;1;24;0
KB03;2022-08-30;2023-06-20;0.1;2;24;0
KB03;2022-08-30;2023-06-20;0.1;2;24;0
KB03;2022-08-30;2023-06-20;0.1;2;24;0
KB03;2022-08-30;2023-06-20;0.1;2;24;0
KB03;2022-08-30;2023-06-20;0.1;2;24;0
KB03;2022-08-30;2023-06-20;0.1;3;24;0
KB03;2022-08-30;2023-06-20;0.1;3;24;0
KB03;2022-08-30;2023-06-20;0.1;3;24;0
KB03;2022-08-30;2023-06-20;0.1;3;24;0
KB03;2022-08-30;2023-06-20;0.1;3;24;0
KB03;2022-08-30;2023-06-20;1;1;24;0
KB03;2022-08-30;2023-06-20;1;1;24;0
KB03;2022-08-30;2023-06-20;1;1;24;0
KB03;2022-08-30;2023-06-20;1;1;24;0
KB03;2022-08-30;2023-06-20;1;1;24;0
KB03;2022-08-30;2023-06-20;1;2;24;1
KB03;2022-08-30;2023-06-20;1;2;24;0
KB03;2022-08-30;2023-06-20;1;2;24;0
KB03;2022-08-30;2023-06-20;1;2;24;0
KB03;2022-08-30;2023-06-20;1;2;24;0
KB03;2022-08-30;2023-06-20;1;3;24;1
KB03;2022-08-30;2023-06-20;1;3;24;1
KB03;2022-08-30;2023-06-20;1;3;24;0
KB03;2022-08-30;2023-06-20;1;3;24;0
KB03;2022-08-30;2023-06-20;1;3;24;0
KB03;2022-08-30;2023-06-20;2;1;24;1
KB03;2022-08-30;2023-06-20;2;1;24;1
KB03;2022-08-30;2023-06-20;2;1;24;1
KB03;2022-08-30;2023-06-20;2;1;24;1
KB03;2022-08-30;2023-06-20;2;1;24;1
KB03;2022-08-30;2023-06-20;2;2;24;1
KB03;2022-08-30;2023-06-20;2;2;24;1
KB03;2022-08-30;2023-06-20;2;2;24;1
KB03;2022-08-30;2023-06-20;2;2;24;0
KB03;2022-08-30;2023-06-20;2;2;24;0
KB03;2022-08-30;2023-06-20;2;3;24;1
KB03;2022-08-30;2023-06-20;2;3;24;1
KB03;2022-08-30;2023-06-20;2;3;24;0
KB03;2022-08-30;2023-06-20;2;3;24;0
KB03;2022-08-30;2023-06-20;2;3;24;0
KB03;2022-08-30;2023-06-20;3;1;24;1
KB03;2022-08-30;2023-06-20;3;1;24;1
KB03;2022-08-30;2023-06-20;3;1;24;1
KB03;2022-08-30;2023-06-20;3;1;24;1
KB03;2022-08-30;2023-06-20;3;1;24;1
KB03;2022-08-30;2023-06-20;3;2;24;1
KB03;2022-08-30;2023-06-20;3;2;24;1
KB03;2022-08-30;2023-06-20;3;2;24;1
KB03;2022-08-30;2023-06-20;3;2;24;1
KB03;2022-08-30;2023-06-20;3;2;24;1
KB03;2022-08-30;2023-06-20;3;3;24;1
KB03;2022-08-30;2023-06-20;3;3;24;1
KB03;2022-08-30;2023-06-20;3;3;24;1
KB03;2022-08-30;2023-06-20;3;3;24;1
KB03;2022-08-30;2023-06-20;3;3;24;0
KB03;2022-08-30;2023-06-20;5;1;24;1
KB03;2022-08-30;2023-06-20;5;1;24;1
KB03;2022-08-30;2023-06-20;5;1;24;1
KB03;2022-08-30;2023-06-20;5;1;24;1
KB03;2022-08-30;2023-06-20;5;1;24;1
KB03;2022-08-30;2023-06-20;5;2;24;1
KB03;2022-08-30;2023-06-20;5;2;24;1
KB03;2022-08-30;2023-06-20;5;2;24;1
KB03;2022-08-30;2023-06-20;5;2;24;1
KB03;2022-08-30;2023-06-20;5;2;24;1
KB03;2022-08-30;2023-06-20;5;3;24;1
KB03;2022-08-30;2023-06-20;5;3;24;1
KB03;2022-08-30;2023-06-20;5;3;24;1
KB03;2022-08-30;2023-06-20;5;3;24;1
KB03;2022-08-30;2023-06-20;15;1;24;1
KB03;2022-08-30;2023-06-20;15;1;24;1
KB03;2022-08-30;2023-06-20;15;1;24;1
KB03;2022-08-30;2023-06-20;15;1;24;1
KB03;2022-08-30;2023-06-20;15;2;24;1
KB03;2022-08-30;2023-06-20;15;2;24;1
KB03;2022-08-30;2023-06-20;15;2;24;1
KB03;2022-08-30;2023-06-20;15;2;24;1
KB03;2022-08-30;2023-06-20;15;2;24;1
KB03;2022-08-30;2023-06-20;15;3;24;1
KB03;2022-08-30;2023-06-20;15;3;24;1
KB03;2022-08-30;2023-06-20;15;3;24;1
KB03;2022-08-30;2023-06-20;15;3;24;1
KB03;2022-08-30;2023-06-20;15;3;24;1
KB03;2022-08-30;2023-06-20;0.1;1;48;0
KB03;2022-08-30;2023-06-20;0.1;1;48;0
KB03;2022-08-30;2023-06-20;0.1;1;48;0
KB03;2022-08-30;2023-06-20;0.1;1;48;0
KB03;2022-08-30;2023-06-20;0.1;1;48;0
KB03;2022-08-30;2023-06-20;0.1;2;48;0
KB03;2022-08-30;2023-06-20;0.1;2;48;0
KB03;2022-08-30;2023-06-20;0.1;2;48;0
KB03;2022-08-30;2023-06-20;0.1;2;48;0
KB03;2022-08-30;2023-06-20;0.1;2;48;0
KB03;2022-08-30;2023-06-20;0.1;3;48;0
KB03;2022-08-30;2023-06-20;0.1;3;48;0
KB03;2022-08-30;2023-06-20;0.1;3;48;0
KB03;2022-08-30;2023-06-20;0.1;3;48;0
KB03;2022-08-30;2023-06-20;0.1;3;48;0
KB03;2022-08-30;2023-06-20;1;1;48;0
KB03;2022-08-30;2023-06-20;1;1;48;0
KB03;2022-08-30;2023-06-20;1;1;48;0
KB03;2022-08-30;2023-06-20;1;1;48;0
KB03;2022-08-30;2023-06-20;1;1;48;0
KB03;2022-08-30;2023-06-20;1;2;48;0
KB03;2022-08-30;2023-06-20;1;2;48;0
KB03;2022-08-30;2023-06-20;1;2;48;0
KB03;2022-08-30;2023-06-20;1;2;48;0
KB03;2022-08-30;2023-06-20;1;2;48;0
KB03;2022-08-30;2023-06-20;1;3;48;1
KB03;2022-08-30;2023-06-20;1;3;48;1
KB03;2022-08-30;2023-06-20;1;3;48;0
KB03;2022-08-30;2023-06-20;1;3;48;0
KB03;2022-08-30;2023-06-20;1;3;48;0
KB03;2022-08-30;2023-06-20;2;1;48;1
KB03;2022-08-30;2023-06-20;2;1;48;1
KB03;2022-08-30;2023-06-20;2;1;48;0
KB03;2022-08-30;2023-06-20;2;1;48;0
KB03;2022-08-30;2023-06-20;2;1;48;0
KB03;2022-08-30;2023-06-20;2;2;48;1
KB03;2022-08-30;2023-06-20;2;2;48;1
KB03;2022-08-30;2023-06-20;2;2;48;0
KB03;2022-08-30;2023-06-20;2;2;48;0
KB03;2022-08-30;2023-06-20;2;2;48;0
KB03;2022-08-30;2023-06-20;2;3;48;1
KB03;2022-08-30;2023-06-20;2;3;48;1
KB03;2022-08-30;2023-06-20;2;3;48;0
KB03;2022-08-30;2023-06-20;2;3;48;0
KB03;2022-08-30;2023-06-20;2;3;48;0
KB03;2022-08-30;2023-06-20;3;1;48;1
KB03;2022-08-30;2023-06-20;3;1;48;1
KB03;2022-08-30;2023-06-20;3;1;48;1
KB03;2022-08-30;2023-06-20;3;1;48;1
KB03;2022-08-30;2023-06-20;3;1;48;1
KB03;2022-08-30;2023-06-20;3;2;48;1
KB03;2022-08-30;2023-06-20;3;2;48;1
KB03;2022-08-30;2023-06-20;3;2;48;1
KB03;2022-08-30;2023-06-20;3;2;48;1
KB03;2022-08-30;2023-06-20;3;2;48;1
KB03;2022-08-30;2023-06-20;3;3;48;1
KB03;2022-08-30;2023-06-20;3;3;48;1
KB03;2022-08-30;2023-06-20;3;3;48;1
KB03;2022-08-30;2023-06-20;3;3;48;1
KB03;2022-08-30;2023-06-20;3;3;48;0
KB03;2022-08-30;2023-06-20;5;1;48;1
KB03;2022-08-30;2023-06-20;5;1;48;1
KB03;2022-08-30;2023-06-20;5;1;48;1
KB03;2022-08-30;2023-06-20;5;1;48;1
KB03;2022-08-30;2023-06-20;5;1;48;0
KB03;2022-08-30;2023-06-20;5;2;48;1
KB03;2022-08-30;2023-06-20;5;2;48;1
KB03;2022-08-30;2023-06-20;5;2;48;1
KB03;2022-08-30;2023-06-20;5;2;48;1
KB03;2022-08-30;2023-06-20;5;2;48;1
KB03;2022-08-30;2023-06-20;5;3;48;1
KB03;2022-08-30;2023-06-20;5;3;48;1
KB03;2022-08-30;2023-06-20;5;3;48;1
KB03;2022-08-30;2023-06-20;5;3;48;1
KB03;2022-08-30;2023-06-20;15;1;48;1
KB03;2022-08-30;2023-06-20;15;1;48;1
KB03;2022-08-30;2023-06-20;15;1;48;1
KB03;2022-08-30;2023-06-20;15;1;48;1
KB03;2022-08-30;2023-06-20;15;2;48;1
KB03;2022-08-30;2023-06-20;15;2;48;1
KB03;2022-08-30;2023-06-20;15;2;48;1
KB03;2022-08-30;2023-06-20;15;2;48;1
KB03;2022-08-30;2023-06-20;15;2;48;0
KB03;2022-08-30;2023-06-20;15;3;48;1
KB03;2022-08-30;2023-06-20;15;3;48;1
KB03;2022-08-30;2023-06-20;15;3;48;1
KB03;2022-08-30;2023-06-20;15;3;48;1
KB03;2022-08-30;2023-06-20;15;3;48;1
KB03;2022-08-30;2023-06-20;0.1;1;72;0
KB03;2022-08-30;2023-06-20;0.1;1;72;0
KB03;2022-08-30;2023-06-20;0.1;1;72;0
KB03;2022-08-30;2023-06-20;0.1;1;72;0
KB03;2022-08-30;2023-06-20;0.1;1;72;0
KB03;2022-08-30;2023-06-20;0.1;2;72;0
KB03;2022-08-30;2023-06-20;0.1;2;72;0
KB03;2022-08-30;2023-06-20;0.1;2;72;0
KB03;2022-08-30;2023-06-20;0.1;2;72;0
KB03;2022-08-30;2023-06-20;0.1;2;72;0
KB03;2022-08-30;2023-06-20;0.1;3;72;0
KB03;2022-08-30;2023-06-20;0.1;3;72;0
KB03;2022-08-30;2023-06-20;0.1;3;72;0
KB03;2022-08-30;2023-06-20;0.1;3;72;0
KB03;2022-08-30;2023-06-20;0.1;3;72;0
KB03;2022-08-30;2023-06-20;1;1;72;0
KB03;2022-08-30;2023-06-20;1;1;72;0
KB03;2022-08-30;2023-06-20;1;1;72;0
KB03;2022-08-30;2023-06-20;1;1;72;0
KB03;2022-08-30;2023-06-20;1;1;72;0
KB03;2022-08-30;2023-06-20;1;2;72;0
KB03;2022-08-30;2023-06-20;1;2;72;0
KB03;2022-08-30;2023-06-20;1;2;72;0
KB03;2022-08-30;2023-06-20;1;2;72;0
KB03;2022-08-30;2023-06-20;1;2;72;0
KB03;2022-08-30;2023-06-20;1;3;72;1
KB03;2022-08-30;2023-06-20;1;3;72;0
KB03;2022-08-30;2023-06-20;1;3;72;0
KB03;2022-08-30;2023-06-20;1;3;72;0
KB03;2022-08-30;2023-06-20;1;3;72;0
KB03;2022-08-30;2023-06-20;2;1;72;1
KB03;2022-08-30;2023-06-20;2;1;72;1
KB03;2022-08-30;2023-06-20;2;1;72;0
KB03;2022-08-30;2023-06-20;2;1;72;0
KB03;2022-08-30;2023-06-20;2;1;72;0
KB03;2022-08-30;2023-06-20;2;2;72;1
KB03;2022-08-30;2023-06-20;2;2;72;0
KB03;2022-08-30;2023-06-20;2;2;72;0
KB03;2022-08-30;2023-06-20;2;2;72;0
KB03;2022-08-30;2023-06-20;2;2;72;0
KB03;2022-08-30;2023-06-20;2;3;72;1
KB03;2022-08-30;2023-06-20;2;3;72;1
KB03;2022-08-30;2023-06-20;2;3;72;0
KB03;2022-08-30;2023-06-20;2;3;72;0
KB03;2022-08-30;2023-06-20;2;3;72;0
KB03;2022-08-30;2023-06-20;3;1;72;1
KB03;2022-08-30;2023-06-20;3;1;72;1
KB03;2022-08-30;2023-06-20;3;1;72;1
KB03;2022-08-30;2023-06-20;3;1;72;1
KB03;2022-08-30;2023-06-20;3;1;72;0
KB03;2022-08-30;2023-06-20;3;2;72;1
KB03;2022-08-30;2023-06-20;3;2;72;1
KB03;2022-08-30;2023-06-20;3;2;72;1
KB03;2022-08-30;2023-06-20;3;2;72;1
KB03;2022-08-30;2023-06-20;3;2;72;1
KB03;2022-08-30;2023-06-20;3;3;72;1
KB03;2022-08-30;2023-06-20;3;3;72;1
KB03;2022-08-30;2023-06-20;3;3;72;1
KB03;2022-08-30;2023-06-20;3;3;72;1
KB03;2022-08-30;2023-06-20;3;3;72;0
KB03;2022-08-30;2023-06-20;5;1;72;1
KB03;2022-08-30;2023-06-20;5;1;72;1
KB03;2022-08-30;2023-06-20;5;1;72;1
KB03;2022-08-30;2023-06-20;5;1;72;1
KB03;2022-08-30;2023-06-20;5;1;72;0
KB03;2022-08-30;2023-06-20;5;2;72;1
KB03;2022-08-30;2023-06-20;5;2;72;1
KB03;2022-08-30;2023-06-20;5;2;72;1
KB03;2022-08-30;2023-06-20;5;2;72;1
KB03;2022-08-30;2023-06-20;5;2;72;1
KB03;2022-08-30;2023-06-20;5;3;72;1
KB03;2022-08-30;2023-06-20;5;3;72;1
KB03;2022-08-30;2023-06-20;5;3;72;1
KB03;2022-08-30;2023-06-20;5;3;72;0
KB03;2022-08-30;2023-06-20;15;1;72;1
KB03;2022-08-30;2023-06-20;15;1;72;1
KB03;2022-08-30;2023-06-20;15;1;72;1
KB03;2022-08-30;2023-06-20;15;1;72;1
KB03;2022-08-30;2023-06-20;15;2;72;1
KB03;2022-08-30;2023-06-20;15;2;72;1
KB03;2022-08-30;2023-06-20;15;2;72;1
KB03;2022-08-30;2023-06-20;15;2;72;1
KB03;2022-08-30;2023-06-20;15;2;72;0
KB03;2022-08-30;2023-06-20;15;3;72;1
KB03;2022-08-30;2023-06-20;15;3;72;1
KB03;2022-08-30;2023-06-20;15;3;72;1
KB03;2022-08-30;2023-06-20;15;3;72;1
KB03;2022-08-30;2023-06-20;15;3;72;1
WH;2022-09-09;2023-06-21;0.1;1;2;1
WH;2022-09-09;2023-06-21;0.1;1;2;1
WH;2022-09-09;2023-06-21;0.1;1;2;0
WH;2022-09-09;2023-06-21;0.1;1;2;0
WH;2022-09-09;2023-06-21;0.1;1;2;0
WH;2022-09-09;2023-06-21;0.1;2;2;1
WH;2022-09-09;2023-06-21;0.1;2;2;1
WH;2022-09-09;2023-06-21;0.1;2;2;0
WH;2022-09-09;2023-06-21;0.1;2;2;0
WH;2022-09-09;2023-06-21;0.1;2;2;0
WH;2022-09-09;2023-06-21;0.1;3;2;1
WH;2022-09-09;2023-06-21;0.1;3;2;1
WH;2022-09-09;2023-06-21;0.1;3;2;0
WH;2022-09-09;2023-06-21;0.1;3;2;0
WH;2022-09-09;2023-06-21;0.1;3;2;0
WH;2022-09-09;2023-06-21;1;1;2;1
WH;2022-09-09;2023-06-21;1;1;2;0
WH;2022-09-09;2023-06-21;1;1;2;0
WH;2022-09-09;2023-06-21;1;1;2;0
WH;2022-09-09;2023-06-21;1;1;2;0
WH;2022-09-09;2023-06-21;1;2;2;1
WH;2022-09-09;2023-06-21;1;2;2;1
WH;2022-09-09;2023-06-21;1;2;2;0
WH;2022-09-09;2023-06-21;1;2;2;0
WH;2022-09-09;2023-06-21;1;2;2;0
WH;2022-09-09;2023-06-21;1;3;2;1
WH;2022-09-09;2023-06-21;1;3;2;1
WH;2022-09-09;2023-06-21;1;3;2;0
WH;2022-09-09;2023-06-21;1;3;2;0
WH;2022-09-09;2023-06-21;1;3;2;0
WH;2022-09-09;2023-06-21;2;1;2;1
WH;2022-09-09;2023-06-21;2;1;2;1
WH;2022-09-09;2023-06-21;2;1;2;1
WH;2022-09-09;2023-06-21;2;1;2;1
WH;2022-09-09;2023-06-21;2;1;2;0
WH;2022-09-09;2023-06-21;2;2;2;1
WH;2022-09-09;2023-06-21;2;2;2;1
WH;2022-09-09;2023-06-21;2;2;2;1
WH;2022-09-09;2023-06-21;2;2;2;0
WH;2022-09-09;2023-06-21;2;2;2;0
WH;2022-09-09;2023-06-21;2;3;2;1
WH;2022-09-09;2023-06-21;2;3;2;1
WH;2022-09-09;2023-06-21;2;3;2;1
WH;2022-09-09;2023-06-21;2;3;2;1
WH;2022-09-09;2023-06-21;2;3;2;0
WH;2022-09-09;2023-06-21;3;1;2;1
WH;2022-09-09;2023-06-21;3;1;2;1
WH;2022-09-09;2023-06-21;3;1;2;1
WH;2022-09-09;2023-06-21;3;1;2;1
WH;2022-09-09;2023-06-21;3;1;2;0
WH;2022-09-09;2023-06-21;3;2;2;1
WH;2022-09-09;2023-06-21;3;2;2;1
WH;2022-09-09;2023-06-21;3;2;2;1
WH;2022-09-09;2023-06-21;3;2;2;1
WH;2022-09-09;2023-06-21;3;2;2;0
WH;2022-09-09;2023-06-21;3;3;2;1
WH;2022-09-09;2023-06-21;3;3;2;1
WH;2022-09-09;2023-06-21;3;3;2;1
WH;2022-09-09;2023-06-21;3;3;2;1
WH;2022-09-09;2023-06-21;3;3;2;0
WH;2022-09-09;2023-06-21;5;1;2;1
WH;2022-09-09;2023-06-21;5;1;2;1
WH;2022-09-09;2023-06-21;5;1;2;1
WH;2022-09-09;2023-06-21;5;1;2;1
WH;2022-09-09;2023-06-21;5;1;2;1
WH;2022-09-09;2023-06-21;5;2;2;1
WH;2022-09-09;2023-06-21;5;2;2;1
WH;2022-09-09;2023-06-21;5;2;2;1
WH;2022-09-09;2023-06-21;5;2;2;1
WH;2022-09-09;2023-06-21;5;2;2;1
WH;2022-09-09;2023-06-21;5;3;2;1
WH;2022-09-09;2023-06-21;5;3;2;1
WH;2022-09-09;2023-06-21;5;3;2;1
WH;2022-09-09;2023-06-21;5;3;2;1
WH;2022-09-09;2023-06-21;5;3;2;1
WH;2022-09-09;2023-06-21;15;1;2;1
WH;2022-09-09;2023-06-21;15;1;2;1
WH;2022-09-09;2023-06-21;15;1;2;1
WH;2022-09-09;2023-06-21;15;1;2;1
WH;2022-09-09;2023-06-21;15;1;2;1
WH;2022-09-09;2023-06-21;15;2;2;1
WH;2022-09-09;2023-06-21;15;2;2;1
WH;2022-09-09;2023-06-21;15;2;2;1
WH;2022-09-09;2023-06-21;15;2;2;1
WH;2022-09-09;2023-06-21;15;2;2;1
WH;2022-09-09;2023-06-21;15;3;2;1
WH;2022-09-09;2023-06-21;15;3;2;1
WH;2022-09-09;2023-06-21;15;3;2;1
WH;2022-09-09;2023-06-21;15;3;2;1
WH;2022-09-09;2023-06-21;15;3;2;1
WH;2022-09-09;2023-06-21;0.1;1;24;0
WH;2022-09-09;2023-06-21;0.1;1;24;0
WH;2022-09-09;2023-06-21;0.1;1;24;0
WH;2022-09-09;2023-06-21;0.1;1;24;0
WH;2022-09-09;2023-06-21;0.1;1;24;0
WH;2022-09-09;2023-06-21;0.1;2;24;0
WH;2022-09-09;2023-06-21;0.1;2;24;0
WH;2022-09-09;2023-06-21;0.1;2;24;0
WH;2022-09-09;2023-06-21;0.1;2;24;0
WH;2022-09-09;2023-06-21;0.1;2;24;0
WH;2022-09-09;2023-06-21;0.1;3;24;1
WH;2022-09-09;2023-06-21;0.1;3;24;0
WH;2022-09-09;2023-06-21;0.1;3;24;0
WH;2022-09-09;2023-06-21;0.1;3;24;0
WH;2022-09-09;2023-06-21;0.1;3;24;0
WH;2022-09-09;2023-06-21;1;1;24;0
WH;2022-09-09;2023-06-21;1;1;24;0
WH;2022-09-09;2023-06-21;1;1;24;0
WH;2022-09-09;2023-06-21;1;1;24;0
WH;2022-09-09;2023-06-21;1;1;24;0
WH;2022-09-09;2023-06-21;1;2;24;0
WH;2022-09-09;2023-06-21;1;2;24;0
WH;2022-09-09;2023-06-21;1;2;24;0
WH;2022-09-09;2023-06-21;1;2;24;0
WH;2022-09-09;2023-06-21;1;2;24;0
WH;2022-09-09;2023-06-21;1;3;24;1
WH;2022-09-09;2023-06-21;1;3;24;0
WH;2022-09-09;2023-06-21;1;3;24;0
WH;2022-09-09;2023-06-21;1;3;24;0
WH;2022-09-09;2023-06-21;1;3;24;0
WH;2022-09-09;2023-06-21;2;1;24;1
WH;2022-09-09;2023-06-21;2;1;24;1
WH;2022-09-09;2023-06-21;2;1;24;0
WH;2022-09-09;2023-06-21;2;1;24;0
WH;2022-09-09;2023-06-21;2;1;24;0
WH;2022-09-09;2023-06-21;2;2;24;1
WH;2022-09-09;2023-06-21;2;2;24;1
WH;2022-09-09;2023-06-21;2;2;24;0
WH;2022-09-09;2023-06-21;2;2;24;0
WH;2022-09-09;2023-06-21;2;2;24;0
WH;2022-09-09;2023-06-21;2;3;24;1
WH;2022-09-09;2023-06-21;2;3;24;1
WH;2022-09-09;2023-06-21;2;3;24;0
WH;2022-09-09;2023-06-21;2;3;24;0
WH;2022-09-09;2023-06-21;2;3;24;0
WH;2022-09-09;2023-06-21;3;1;24;1
WH;2022-09-09;2023-06-21;3;1;24;1
WH;2022-09-09;2023-06-21;3;1;24;1
WH;2022-09-09;2023-06-21;3;1;24;0
WH;2022-09-09;2023-06-21;3;1;24;0
WH;2022-09-09;2023-06-21;3;2;24;1
WH;2022-09-09;2023-06-21;3;2;24;1
WH;2022-09-09;2023-06-21;3;2;24;1
WH;2022-09-09;2023-06-21;3;2;24;0
WH;2022-09-09;2023-06-21;3;2;24;0
WH;2022-09-09;2023-06-21;3;3;24;1
WH;2022-09-09;2023-06-21;3;3;24;1
WH;2022-09-09;2023-06-21;3;3;24;1
WH;2022-09-09;2023-06-21;3;3;24;0
WH;2022-09-09;2023-06-21;3;3;24;0
WH;2022-09-09;2023-06-21;5;1;24;1
WH;2022-09-09;2023-06-21;5;1;24;1
WH;2022-09-09;2023-06-21;5;1;24;1
WH;2022-09-09;2023-06-21;5;1;24;1
WH;2022-09-09;2023-06-21;5;1;24;1
WH;2022-09-09;2023-06-21;5;2;24;1
WH;2022-09-09;2023-06-21;5;2;24;1
WH;2022-09-09;2023-06-21;5;2;24;1
WH;2022-09-09;2023-06-21;5;2;24;1
WH;2022-09-09;2023-06-21;5;2;24;1
WH;2022-09-09;2023-06-21;5;3;24;1
WH;2022-09-09;2023-06-21;5;3;24;1
WH;2022-09-09;2023-06-21;5;3;24;1
WH;2022-09-09;2023-06-21;5;3;24;1
WH;2022-09-09;2023-06-21;5;3;24;1
WH;2022-09-09;2023-06-21;15;1;24;1
WH;2022-09-09;2023-06-21;15;1;24;1
WH;2022-09-09;2023-06-21;15;1;24;1
WH;2022-09-09;2023-06-21;15;1;24;1
WH;2022-09-09;2023-06-21;15;1;24;1
WH;2022-09-09;2023-06-21;15;2;24;1
WH;2022-09-09;2023-06-21;15;2;24;1
WH;2022-09-09;2023-06-21;15;2;24;1
WH;2022-09-09;2023-06-21;15;2;24;1
WH;2022-09-09;2023-06-21;15;2;24;1
WH;2022-09-09;2023-06-21;15;3;24;1
WH;2022-09-09;2023-06-21;15;3;24;1
WH;2022-09-09;2023-06-21;15;3;24;1
WH;2022-09-09;2023-06-21;15;3;24;1
WH;2022-09-09;2023-06-21;15;3;24;1
WH;2022-09-09;2023-06-21;0.1;1;48;0
WH;2022-09-09;2023-06-21;0.1;1;48;0
WH;2022-09-09;2023-06-21;0.1;1;48;0
WH;2022-09-09;2023-06-21;0.1;1;48;0
WH;2022-09-09;2023-06-21;0.1;1;48;0
WH;2022-09-09;2023-06-21;0.1;2;48;0
WH;2022-09-09;2023-06-21;0.1;2;48;0
WH;2022-09-09;2023-06-21;0.1;2;48;0
WH;2022-09-09;2023-06-21;0.1;2;48;0
WH;2022-09-09;2023-06-21;0.1;2;48;0
WH;2022-09-09;2023-06-21;0.1;3;48;0
WH;2022-09-09;2023-06-21;0.1;3;48;0
WH;2022-09-09;2023-06-21;0.1;3;48;0
WH;2022-09-09;2023-06-21;0.1;3;48;0
WH;2022-09-09;2023-06-21;0.1;3;48;0
WH;2022-09-09;2023-06-21;1;1;48;0
WH;2022-09-09;2023-06-21;1;1;48;0
WH;2022-09-09;2023-06-21;1;1;48;0
WH;2022-09-09;2023-06-21;1;1;48;0
WH;2022-09-09;2023-06-21;1;1;48;0
WH;2022-09-09;2023-06-21;1;2;48;0
WH;2022-09-09;2023-06-21;1;2;48;0
WH;2022-09-09;2023-06-21;1;2;48;0
WH;2022-09-09;2023-06-21;1;2;48;0
WH;2022-09-09;2023-06-21;1;2;48;0
WH;2022-09-09;2023-06-21;1;3;48;0
WH;2022-09-09;2023-06-21;1;3;48;0
WH;2022-09-09;2023-06-21;1;3;48;0
WH;2022-09-09;2023-06-21;1;3;48;0
WH;2022-09-09;2023-06-21;1;3;48;0
WH;2022-09-09;2023-06-21;2;1;48;1
WH;2022-09-09;2023-06-21;2;1;48;1
WH;2022-09-09;2023-06-21;2;1;48;0
WH;2022-09-09;2023-06-21;2;1;48;0
WH;2022-09-09;2023-06-21;2;1;48;0
WH;2022-09-09;2023-06-21;2;2;48;1
WH;2022-09-09;2023-06-21;2;2;48;0
WH;2022-09-09;2023-06-21;2;2;48;0
WH;2022-09-09;2023-06-21;2;2;48;0
WH;2022-09-09;2023-06-21;2;2;48;0
WH;2022-09-09;2023-06-21;2;3;48;1
WH;2022-09-09;2023-06-21;2;3;48;1
WH;2022-09-09;2023-06-21;2;3;48;0
WH;2022-09-09;2023-06-21;2;3;48;0
WH;2022-09-09;2023-06-21;2;3;48;0
WH;2022-09-09;2023-06-21;3;1;48;1
WH;2022-09-09;2023-06-21;3;1;48;1
WH;2022-09-09;2023-06-21;3;1;48;1
WH;2022-09-09;2023-06-21;3;1;48;0
WH;2022-09-09;2023-06-21;3;1;48;0
WH;2022-09-09;2023-06-21;3;2;48;1
WH;2022-09-09;2023-06-21;3;2;48;1
WH;2022-09-09;2023-06-21;3;2;48;1
WH;2022-09-09;2023-06-21;3;2;48;0
WH;2022-09-09;2023-06-21;3;2;48;0
WH;2022-09-09;2023-06-21;3;3;48;1
WH;2022-09-09;2023-06-21;3;3;48;1
WH;2022-09-09;2023-06-21;3;3;48;0
WH;2022-09-09;2023-06-21;3;3;48;0
WH;2022-09-09;2023-06-21;3;3;48;0
WH;2022-09-09;2023-06-21;5;1;48;1
WH;2022-09-09;2023-06-21;5;1;48;1
WH;2022-09-09;2023-06-21;5;1;48;1
WH;2022-09-09;2023-06-21;5;1;48;1
WH;2022-09-09;2023-06-21;5;1;48;1
WH;2022-09-09;2023-06-21;5;2;48;1
WH;2022-09-09;2023-06-21;5;2;48;1
WH;2022-09-09;2023-06-21;5;2;48;1
WH;2022-09-09;2023-06-21;5;2;48;1
WH;2022-09-09;2023-06-21;5;2;48;1
WH;2022-09-09;2023-06-21;5;3;48;1
WH;2022-09-09;2023-06-21;5;3;48;1
WH;2022-09-09;2023-06-21;5;3;48;1
WH;2022-09-09;2023-06-21;5;3;48;1
WH;2022-09-09;2023-06-21;5;3;48;0
WH;2022-09-09;2023-06-21;15;1;48;1
WH;2022-09-09;2023-06-21;15;1;48;1
WH;2022-09-09;2023-06-21;15;1;48;1
WH;2022-09-09;2023-06-21;15;1;48;1
WH;2022-09-09;2023-06-21;15;1;48;1
WH;2022-09-09;2023-06-21;15;2;48;1
WH;2022-09-09;2023-06-21;15;2;48;1
WH;2022-09-09;2023-06-21;15;2;48;1
WH;2022-09-09;2023-06-21;15;2;48;1
WH;2022-09-09;2023-06-21;15;2;48;1
WH;2022-09-09;2023-06-21;15;3;48;1
WH;2022-09-09;2023-06-21;15;3;48;1
WH;2022-09-09;2023-06-21;15;3;48;1
WH;2022-09-09;2023-06-21;15;3;48;1
WH;2022-09-09;2023-06-21;15;3;48;0
WH;2022-09-09;2023-06-21;0.1;1;72;0
WH;2022-09-09;2023-06-21;0.1;1;72;0
WH;2022-09-09;2023-06-21;0.1;1;72;0
WH;2022-09-09;2023-06-21;0.1;1;72;0
WH;2022-09-09;2023-06-21;0.1;1;72;0
WH;2022-09-09;2023-06-21;0.1;2;72;0
WH;2022-09-09;2023-06-21;0.1;2;72;0
WH;2022-09-09;2023-06-21;0.1;2;72;0
WH;2022-09-09;2023-06-21;0.1;2;72;0
WH;2022-09-09;2023-06-21;0.1;2;72;0
WH;2022-09-09;2023-06-21;0.1;3;72;0
WH;2022-09-09;2023-06-21;0.1;3;72;0
WH;2022-09-09;2023-06-21;0.1;3;72;0
WH;2022-09-09;2023-06-21;0.1;3;72;0
WH;2022-09-09;2023-06-21;0.1;3;72;0
WH;2022-09-09;2023-06-21;1;1;72;0
WH;2022-09-09;2023-06-21;1;1;72;0
WH;2022-09-09;2023-06-21;1;1;72;0
WH;2022-09-09;2023-06-21;1;1;72;0
WH;2022-09-09;2023-06-21;1;1;72;0
WH;2022-09-09;2023-06-21;1;2;72;0
WH;2022-09-09;2023-06-21;1;2;72;0
WH;2022-09-09;2023-06-21;1;2;72;0
WH;2022-09-09;2023-06-21;1;2;72;0
WH;2022-09-09;2023-06-21;1;2;72;0
WH;2022-09-09;2023-06-21;1;3;72;0
WH;2022-09-09;2023-06-21;1;3;72;0
WH;2022-09-09;2023-06-21;1;3;72;0
WH;2022-09-09;2023-06-21;1;3;72;0
WH;2022-09-09;2023-06-21;1;3;72;0
WH;2022-09-09;2023-06-21;2;1;72;0
WH;2022-09-09;2023-06-21;2;1;72;0
WH;2022-09-09;2023-06-21;2;1;72;0
WH;2022-09-09;2023-06-21;2;1;72;0
WH;2022-09-09;2023-06-21;2;1;72;0
WH;2022-09-09;2023-06-21;2;2;72;1
WH;2022-09-09;2023-06-21;2;2;72;0
WH;2022-09-09;2023-06-21;2;2;72;0
WH;2022-09-09;2023-06-21;2;2;72;0
WH;2022-09-09;2023-06-21;2;2;72;0
WH;2022-09-09;2023-06-21;2;3;72;0
WH;2022-09-09;2023-06-21;2;3;72;0
WH;2022-09-09;2023-06-21;2;3;72;0
WH;2022-09-09;2023-06-21;2;3;72;0
WH;2022-09-09;2023-06-21;2;3;72;0
WH;2022-09-09;2023-06-21;3;1;72;1
WH;2022-09-09;2023-06-21;3;1;72;1
WH;2022-09-09;2023-06-21;3;1;72;1
WH;2022-09-09;2023-06-21;3;1;72;0
WH;2022-09-09;2023-06-21;3;1;72;0
WH;2022-09-09;2023-06-21;3;2;72;1
WH;2022-09-09;2023-06-21;3;2;72;1
WH;2022-09-09;2023-06-21;3;2;72;1
WH;2022-09-09;2023-06-21;3;2;72;0
WH;2022-09-09;2023-06-21;3;2;72;0
WH;2022-09-09;2023-06-21;3;3;72;1
WH;2022-09-09;2023-06-21;3;3;72;1
WH;2022-09-09;2023-06-21;3;3;72;0
WH;2022-09-09;2023-06-21;3;3;72;0
WH;2022-09-09;2023-06-21;3;3;72;0
WH;2022-09-09;2023-06-21;5;1;72;1
WH;2022-09-09;2023-06-21;5;1;72;1
WH;2022-09-09;2023-06-21;5;1;72;1
WH;2022-09-09;2023-06-21;5;1;72;1
WH;2022-09-09;2023-06-21;5;1;72;1
WH;2022-09-09;2023-06-21;5;2;72;1
WH;2022-09-09;2023-06-21;5;2;72;1
WH;2022-09-09;2023-06-21;5;2;72;1
WH;2022-09-09;2023-06-21;5;2;72;1
WH;2022-09-09;2023-06-21;5;2;72;1
WH;2022-09-09;2023-06-21;5;3;72;1
WH;2022-09-09;2023-06-21;5;3;72;1
WH;2022-09-09;2023-06-21;5;3;72;1
WH;2022-09-09;2023-06-21;5;3;72;1
WH;2022-09-09;2023-06-21;5;3;72;0
WH;2022-09-09;2023-06-21;15;1;72;1
WH;2022-09-09;2023-06-21;15;1;72;1
WH;2022-09-09;2023-06-21;15;1;72;1
WH;2022-09-09;2023-06-21;15;1;72;1
WH;2022-09-09;2023-06-21;15;1;72;1
WH;2022-09-09;2023-06-21;15;2;72;1
WH;2022-09-09;2023-06-21;15;2;72;1
WH;2022-09-09;2023-06-21;15;2;72;1
WH;2022-09-09;2023-06-21;15;2;72;1
WH;2022-09-09;2023-06-21;15;2;72;0
WH;2022-09-09;2023-06-21;15;3;72;1
WH;2022-09-09;2023-06-21;15;3;72;1
WH;2022-09-09;2023-06-21;15;3;72;1
WH;2022-09-09;2023-06-21;15;3;72;1
WH;2022-09-09;2023-06-21;15;3;72;0
BOK;2023-09-09;2024-04-15;0.1;1;2;1
BOK;2023-09-09;2024-04-15;0.1;1;2;1
BOK;2023-09-09;2024-04-15;0.1;1;2;0
BOK;2023-09-09;2024-04-15;0.1;1;2;0
BOK;2023-09-09;2024-04-15;0.1;1;2;0
BOK;2023-09-09;2024-04-15;0.1;2;2;0
BOK;2023-09-09;2024-04-15;0.1;2;2;0
BOK;2023-09-09;2024-04-15;0.1;2;2;0
BOK;2023-09-09;2024-04-15;0.1;2;2;0
BOK;2023-09-09;2024-04-15;0.1;2;2;0
BOK;2023-09-09;2024-04-15;0.1;3;2;1
BOK;2023-09-09;2024-04-15;0.1;3;2;0
BOK;2023-09-09;2024-04-15;0.1;3;2;0
BOK;2023-09-09;2024-04-15;0.1;3;2;0
BOK;2023-09-09;2024-04-15;0.1;3;2;0
BOK;2023-09-09;2024-04-15;1;1;2;1
BOK;2023-09-09;2024-04-15;1;1;2;1
BOK;2023-09-09;2024-04-15;1;1;2;1
BOK;2023-09-09;2024-04-15;1;1;2;0
BOK;2023-09-09;2024-04-15;1;1;2;0
BOK;2023-09-09;2024-04-15;1;2;2;1
BOK;2023-09-09;2024-04-15;1;2;2;1
BOK;2023-09-09;2024-04-15;1;2;2;1
BOK;2023-09-09;2024-04-15;1;2;2;1
BOK;2023-09-09;2024-04-15;1;2;2;0
BOK;2023-09-09;2024-04-15;1;3;2;1
BOK;2023-09-09;2024-04-15;1;3;2;1
BOK;2023-09-09;2024-04-15;1;3;2;1
BOK;2023-09-09;2024-04-15;1;3;2;1
BOK;2023-09-09;2024-04-15;1;3;2;0
BOK;2023-09-09;2024-04-15;2;1;2;1
BOK;2023-09-09;2024-04-15;2;1;2;1
BOK;2023-09-09;2024-04-15;2;1;2;1
BOK;2023-09-09;2024-04-15;2;1;2;1
BOK;2023-09-09;2024-04-15;2;1;2;1
BOK;2023-09-09;2024-04-15;2;2;2;1
BOK;2023-09-09;2024-04-15;2;2;2;1
BOK;2023-09-09;2024-04-15;2;2;2;1
BOK;2023-09-09;2024-04-15;2;2;2;1
BOK;2023-09-09;2024-04-15;2;2;2;1
BOK;2023-09-09;2024-04-15;2;3;2;1
BOK;2023-09-09;2024-04-15;2;3;2;1
BOK;2023-09-09;2024-04-15;2;3;2;1
BOK;2023-09-09;2024-04-15;2;3;2;1
BOK;2023-09-09;2024-04-15;3;1;2;1
BOK;2023-09-09;2024-04-15;3;1;2;1
BOK;2023-09-09;2024-04-15;3;1;2;1
BOK;2023-09-09;2024-04-15;3;1;2;1
BOK;2023-09-09;2024-04-15;3;1;2;0
BOK;2023-09-09;2024-04-15;3;2;2;1
BOK;2023-09-09;2024-04-15;3;2;2;1
BOK;2023-09-09;2024-04-15;3;2;2;1
BOK;2023-09-09;2024-04-15;3;2;2;1
BOK;2023-09-09;2024-04-15;3;2;2;1
BOK;2023-09-09;2024-04-15;3;3;2;1
BOK;2023-09-09;2024-04-15;3;3;2;1
BOK;2023-09-09;2024-04-15;3;3;2;1
BOK;2023-09-09;2024-04-15;3;3;2;1
BOK;2023-09-09;2024-04-15;3;3;2;0
BOK;2023-09-09;2024-04-15;5;1;2;1
BOK;2023-09-09;2024-04-15;5;1;2;1
BOK;2023-09-09;2024-04-15;5;1;2;1
BOK;2023-09-09;2024-04-15;5;1;2;1
BOK;2023-09-09;2024-04-15;5;1;2;1
BOK;2023-09-09;2024-04-15;5;2;2;1
BOK;2023-09-09;2024-04-15;5;2;2;1
BOK;2023-09-09;2024-04-15;5;2;2;1
BOK;2023-09-09;2024-04-15;5;2;2;1
BOK;2023-09-09;2024-04-15;5;2;2;1
BOK;2023-09-09;2024-04-15;5;3;2;1
BOK;2023-09-09;2024-04-15;5;3;2;1
BOK;2023-09-09;2024-04-15;5;3;2;1
BOK;2023-09-09;2024-04-15;5;3;2;1
BOK;2023-09-09;2024-04-15;15;1;2;1
BOK;2023-09-09;2024-04-15;15;1;2;1
BOK;2023-09-09;2024-04-15;15;1;2;1
BOK;2023-09-09;2024-04-15;15;1;2;1
BOK;2023-09-09;2024-04-15;15;1;2;0
BOK;2023-09-09;2024-04-15;15;2;2;1
BOK;2023-09-09;2024-04-15;15;2;2;1
BOK;2023-09-09;2024-04-15;15;2;2;1
BOK;2023-09-09;2024-04-15;15;2;2;1
BOK;2023-09-09;2024-04-15;15;3;2;1
BOK;2023-09-09;2024-04-15;15;3;2;1
BOK;2023-09-09;2024-04-15;15;3;2;1
BOK;2023-09-09;2024-04-15;15;3;2;1
BOK;2023-09-09;2024-04-15;0.1;1;24;0
BOK;2023-09-09;2024-04-15;0.1;1;24;0
BOK;2023-09-09;2024-04-15;0.1;1;24;0
BOK;2023-09-09;2024-04-15;0.1;1;24;0
BOK;2023-09-09;2024-04-15;0.1;1;24;0
BOK;2023-09-09;2024-04-15;0.1;2;24;0
BOK;2023-09-09;2024-04-15;0.1;2;24;0
BOK;2023-09-09;2024-04-15;0.1;2;24;0
BOK;2023-09-09;2024-04-15;0.1;2;24;0
BOK;2023-09-09;2024-04-15;0.1;2;24;0
BOK;2023-09-09;2024-04-15;0.1;3;24;0
BOK;2023-09-09;2024-04-15;0.1;3;24;0
BOK;2023-09-09;2024-04-15;0.1;3;24;0
BOK;2023-09-09;2024-04-15;0.1;3;24;0
BOK;2023-09-09;2024-04-15;0.1;3;24;0
BOK;2023-09-09;2024-04-15;1;1;24;1
BOK;2023-09-09;2024-04-15;1;1;24;0
BOK;2023-09-09;2024-04-15;1;1;24;0
BOK;2023-09-09;2024-04-15;1;1;24;0
BOK;2023-09-09;2024-04-15;1;1;24;0
BOK;2023-09-09;2024-04-15;1;2;24;0
BOK;2023-09-09;2024-04-15;1;2;24;0
BOK;2023-09-09;2024-04-15;1;2;24;0
BOK;2023-09-09;2024-04-15;1;2;24;0
BOK;2023-09-09;2024-04-15;1;2;24;0
BOK;2023-09-09;2024-04-15;1;3;24;0
BOK;2023-09-09;2024-04-15;1;3;24;0
BOK;2023-09-09;2024-04-15;1;3;24;0
BOK;2023-09-09;2024-04-15;1;3;24;0
BOK;2023-09-09;2024-04-15;1;3;24;0
BOK;2023-09-09;2024-04-15;2;1;24;1
BOK;2023-09-09;2024-04-15;2;1;24;0
BOK;2023-09-09;2024-04-15;2;1;24;0
BOK;2023-09-09;2024-04-15;2;1;24;0
BOK;2023-09-09;2024-04-15;2;1;24;0
BOK;2023-09-09;2024-04-15;2;2;24;1
BOK;2023-09-09;2024-04-15;2;2;24;0
BOK;2023-09-09;2024-04-15;2;2;24;0
BOK;2023-09-09;2024-04-15;2;2;24;0
BOK;2023-09-09;2024-04-15;2;2;24;0
BOK;2023-09-09;2024-04-15;2;3;24;0
BOK;2023-09-09;2024-04-15;2;3;24;0
BOK;2023-09-09;2024-04-15;2;3;24;0
BOK;2023-09-09;2024-04-15;2;3;24;0
BOK;2023-09-09;2024-04-15;3;1;24;1
BOK;2023-09-09;2024-04-15;3;1;24;1
BOK;2023-09-09;2024-04-15;3;1;24;1
BOK;2023-09-09;2024-04-15;3;1;24;1
BOK;2023-09-09;2024-04-15;3;1;24;0
BOK;2023-09-09;2024-04-15;3;2;24;1
BOK;2023-09-09;2024-04-15;3;2;24;1
BOK;2023-09-09;2024-04-15;3;2;24;1
BOK;2023-09-09;2024-04-15;3;2;24;0
BOK;2023-09-09;2024-04-15;3;2;24;0
BOK;2023-09-09;2024-04-15;3;3;24;1
BOK;2023-09-09;2024-04-15;3;3;24;1
BOK;2023-09-09;2024-04-15;3;3;24;1
BOK;2023-09-09;2024-04-15;3;3;24;0
BOK;2023-09-09;2024-04-15;3;3;24;0
BOK;2023-09-09;2024-04-15;5;1;24;1
BOK;2023-09-09;2024-04-15;5;1;24;1
BOK;2023-09-09;2024-04-15;5;1;24;1
BOK;2023-09-09;2024-04-15;5;1;24;1
BOK;2023-09-09;2024-04-15;5;1;24;1
BOK;2023-09-09;2024-04-15;5;2;24;1
BOK;2023-09-09;2024-04-15;5;2;24;1
BOK;2023-09-09;2024-04-15;5;2;24;1
BOK;2023-09-09;2024-04-15;5;2;24;1
BOK;2023-09-09;2024-04-15;5;2;24;1
BOK;2023-09-09;2024-04-15;5;3;24;1
BOK;2023-09-09;2024-04-15;5;3;24;1
BOK;2023-09-09;2024-04-15;5;3;24;1
BOK;2023-09-09;2024-04-15;5;3;24;1
BOK;2023-09-09;2024-04-15;15;1;24;1
BOK;2023-09-09;2024-04-15;15;1;24;1
BOK;2023-09-09;2024-04-15;15;1;24;1
BOK;2023-09-09;2024-04-15;15;1;24;1
BOK;2023-09-09;2024-04-15;15;1;24;0
BOK;2023-09-09;2024-04-15;15;2;24;1
BOK;2023-09-09;2024-04-15;15;2;24;1
BOK;2023-09-09;2024-04-15;15;2;24;1
BOK;2023-09-09;2024-04-15;15;2;24;1
BOK;2023-09-09;2024-04-15;15;3;24;1
BOK;2023-09-09;2024-04-15;15;3;24;1
BOK;2023-09-09;2024-04-15;15;3;24;1
BOK;2023-09-09;2024-04-15;15;3;24;1
BOK;2023-09-09;2024-04-15;0.1;1;48;0
BOK;2023-09-09;2024-04-15;0.1;1;48;0
BOK;2023-09-09;2024-04-15;0.1;1;48;0
BOK;2023-09-09;2024-04-15;0.1;1;48;0
BOK;2023-09-09;2024-04-15;0.1;1;48;0
BOK;2023-09-09;2024-04-15;0.1;2;48;0
BOK;2023-09-09;2024-04-15;0.1;2;48;0
BOK;2023-09-09;2024-04-15;0.1;2;48;0
BOK;2023-09-09;2024-04-15;0.1;2;48;0
BOK;2023-09-09;2024-04-15;0.1;2;48;0
BOK;2023-09-09;2024-04-15;0.1;3;48;0
BOK;2023-09-09;2024-04-15;0.1;3;48;0
BOK;2023-09-09;2024-04-15;0.1;3;48;0
BOK;2023-09-09;2024-04-15;0.1;3;48;0
BOK;2023-09-09;2024-04-15;0.1;3;48;0
BOK;2023-09-09;2024-04-15;1;1;48;0
BOK;2023-09-09;2024-04-15;1;1;48;0
BOK;2023-09-09;2024-04-15;1;1;48;0
BOK;2023-09-09;2024-04-15;1;1;48;0
BOK;2023-09-09;2024-04-15;1;1;48;0
BOK;2023-09-09;2024-04-15;1;2;48;0
BOK;2023-09-09;2024-04-15;1;2;48;0
BOK;2023-09-09;2024-04-15;1;2;48;0
BOK;2023-09-09;2024-04-15;1;2;48;0
BOK;2023-09-09;2024-04-15;1;2;48;0
BOK;2023-09-09;2024-04-15;1;3;48;0
BOK;2023-09-09;2024-04-15;1;3;48;0
BOK;2023-09-09;2024-04-15;1;3;48;0
BOK;2023-09-09;2024-04-15;1;3;48;0
BOK;2023-09-09;2024-04-15;1;3;48;0
BOK;2023-09-09;2024-04-15;2;1;48;0
BOK;2023-09-09;2024-04-15;2;1;48;0
BOK;2023-09-09;2024-04-15;2;1;48;0
BOK;2023-09-09;2024-04-15;2;1;48;0
BOK;2023-09-09;2024-04-15;2;1;48;0
BOK;2023-09-09;2024-04-15;2;2;48;1
BOK;2023-09-09;2024-04-15;2;2;48;0
BOK;2023-09-09;2024-04-15;2;2;48;0
BOK;2023-09-09;2024-04-15;2;2;48;0
BOK;2023-09-09;2024-04-15;2;2;48;0
BOK;2023-09-09;2024-04-15;2;3;48;0
BOK;2023-09-09;2024-04-15;2;3;48;0
BOK;2023-09-09;2024-04-15;2;3;48;0
BOK;2023-09-09;2024-04-15;2;3;48;0
BOK;2023-09-09;2024-04-15;3;1;48;1
BOK;2023-09-09;2024-04-15;3;1;48;1
BOK;2023-09-09;2024-04-15;3;1;48;1
BOK;2023-09-09;2024-04-15;3;1;48;0
BOK;2023-09-09;2024-04-15;3;1;48;0
BOK;2023-09-09;2024-04-15;3;2;48;1
BOK;2023-09-09;2024-04-15;3;2;48;0
BOK;2023-09-09;2024-04-15;3;2;48;0
BOK;2023-09-09;2024-04-15;3;2;48;0
BOK;2023-09-09;2024-04-15;3;2;48;0
BOK;2023-09-09;2024-04-15;3;3;48;1
BOK;2023-09-09;2024-04-15;3;3;48;0
BOK;2023-09-09;2024-04-15;3;3;48;0
BOK;2023-09-09;2024-04-15;3;3;48;0
BOK;2023-09-09;2024-04-15;3;3;48;0
BOK;2023-09-09;2024-04-15;5;1;48;1
BOK;2023-09-09;2024-04-15;5;1;48;1
BOK;2023-09-09;2024-04-15;5;1;48;1
BOK;2023-09-09;2024-04-15;5;1;48;1
BOK;2023-09-09;2024-04-15;5;1;48;1
BOK;2023-09-09;2024-04-15;5;2;48;1
BOK;2023-09-09;2024-04-15;5;2;48;1
BOK;2023-09-09;2024-04-15;5;2;48;1
BOK;2023-09-09;2024-04-15;5;2;48;1
BOK;2023-09-09;2024-04-15;5;2;48;1
BOK;2023-09-09;2024-04-15;5;3;48;1
BOK;2023-09-09;2024-04-15;5;3;48;1
BOK;2023-09-09;2024-04-15;5;3;48;1
BOK;2023-09-09;2024-04-15;5;3;48;1
BOK;2023-09-09;2024-04-15;15;1;48;1
BOK;2023-09-09;2024-04-15;15;1;48;1
BOK;2023-09-09;2024-04-15;15;1;48;1
BOK;2023-09-09;2024-04-15;15;1;48;1
BOK;2023-09-09;2024-04-15;15;1;48;0
BOK;2023-09-09;2024-04-15;15;2;48;1
BOK;2023-09-09;2024-04-15;15;2;48;1
BOK;2023-09-09;2024-04-15;15;2;48;1
BOK;2023-09-09;2024-04-15;15;2;48;1
BOK;2023-09-09;2024-04-15;15;3;48;1
BOK;2023-09-09;2024-04-15;15;3;48;1
BOK;2023-09-09;2024-04-15;15;3;48;1
BOK;2023-09-09;2024-04-15;15;3;48;1
BOK;2023-09-09;2024-04-15;0.1;1;72;0
BOK;2023-09-09;2024-04-15;0.1;1;72;0
BOK;2023-09-09;2024-04-15;0.1;1;72;0
BOK;2023-09-09;2024-04-15;0.1;1;72;0
BOK;2023-09-09;2024-04-15;0.1;1;72;0
BOK;2023-09-09;2024-04-15;0.1;2;72;0
BOK;2023-09-09;2024-04-15;0.1;2;72;0
BOK;2023-09-09;2024-04-15;0.1;2;72;0
BOK;2023-09-09;2024-04-15;0.1;2;72;0
BOK;2023-09-09;2024-04-15;0.1;2;72;0
BOK;2023-09-09;2024-04-15;0.1;3;72;0
BOK;2023-09-09;2024-04-15;0.1;3;72;0
BOK;2023-09-09;2024-04-15;0.1;3;72;0
BOK;2023-09-09;2024-04-15;0.1;3;72;0
BOK;2023-09-09;2024-04-15;0.1;3;72;0
BOK;2023-09-09;2024-04-15;1;1;72;0
BOK;2023-09-09;2024-04-15;1;1;72;0
BOK;2023-09-09;2024-04-15;1;1;72;0
BOK;2023-09-09;2024-04-15;1;1;72;0
BOK;2023-09-09;2024-04-15;1;1;72;0
BOK;2023-09-09;2024-04-15;1;2;72;0
BOK;2023-09-09;2024-04-15;1;2;72;0
BOK;2023-09-09;2024-04-15;1;2;72;0
BOK;2023-09-09;2024-04-15;1;2;72;0
BOK;2023-09-09;2024-04-15;1;2;72;0
BOK;2023-09-09;2024-04-15;1;3;72;0
BOK;2023-09-09;2024-04-15;1;3;72;0
BOK;2023-09-09;2024-04-15;1;3;72;0
BOK;2023-09-09;2024-04-15;1;3;72;0
BOK;2023-09-09;2024-04-15;1;3;72;0
BOK;2023-09-09;2024-04-15;2;1;72;0
BOK;2023-09-09;2024-04-15;2;1;72;0
BOK;2023-09-09;2024-04-15;2;1;72;0
BOK;2023-09-09;2024-04-15;2;1;72;0
BOK;2023-09-09;2024-04-15;2;1;72;0
BOK;2023-09-09;2024-04-15;2;2;72;1
BOK;2023-09-09;2024-04-15;2;2;72;0
BOK;2023-09-09;2024-04-15;2;2;72;0
BOK;2023-09-09;2024-04-15;2;2;72;0
BOK;2023-09-09;2024-04-15;2;2;72;0
BOK;2023-09-09;2024-04-15;2;3;72;0
BOK;2023-09-09;2024-04-15;2;3;72;0
BOK;2023-09-09;2024-04-15;2;3;72;0
BOK;2023-09-09;2024-04-15;2;3;72;0
BOK;2023-09-09;2024-04-15;3;1;72;1
BOK;2023-09-09;2024-04-15;3;1;72;1
BOK;2023-09-09;2024-04-15;3;1;72;0
BOK;2023-09-09;2024-04-15;3;1;72;0
BOK;2023-09-09;2024-04-15;3;1;72;0
BOK;2023-09-09;2024-04-15;3;2;72;1
BOK;2023-09-09;2024-04-15;3;2;72;0
BOK;2023-09-09;2024-04-15;3;2;72;0
BOK;2023-09-09;2024-04-15;3;2;72;0
BOK;2023-09-09;2024-04-15;3;2;72;0
BOK;2023-09-09;2024-04-15;3;3;72;1
BOK;2023-09-09;2024-04-15;3;3;72;0
BOK;2023-09-09;2024-04-15;3;3;72;0
BOK;2023-09-09;2024-04-15;3;3;72;0
BOK;2023-09-09;2024-04-15;3;3;72;0
BOK;2023-09-09;2024-04-15;5;1;72;1
BOK;2023-09-09;2024-04-15;5;1;72;1
BOK;2023-09-09;2024-04-15;5;1;72;1
BOK;2023-09-09;2024-04-15;5;1;72;1
BOK;2023-09-09;2024-04-15;5;1;72;1
BOK;2023-09-09;2024-04-15;5;2;72;1
BOK;2023-09-09;2024-04-15;5;2;72;1
BOK;2023-09-09;2024-04-15;5;2;72;1
BOK;2023-09-09;2024-04-15;5;2;72;1
BOK;2023-09-09;2024-04-15;5;2;72;1
BOK;2023-09-09;2024-04-15;5;3;72;1
BOK;2023-09-09;2024-04-15;5;3;72;1
BOK;2023-09-09;2024-04-15;5;3;72;1
BOK;2023-09-09;2024-04-15;5;3;72;1
BOK;2023-09-09;2024-04-15;15;1;72;1
BOK;2023-09-09;2024-04-15;15;1;72;1
BOK;2023-09-09;2024-04-15;15;1;72;1
BOK;2023-09-09;2024-04-15;15;1;72;1
BOK;2023-09-09;2024-04-15;15;1;72;0
BOK;2023-09-09;2024-04-15;15;2;72;1
BOK;2023-09-09;2024-04-15;15;2;72;1
BOK;2023-09-09;2024-04-15;15;2;72;1
BOK;2023-09-09;2024-04-15;15;2;72;1
BOK;2023-09-09;2024-04-15;15;3;72;1
BOK;2023-09-09;2024-04-15;15;3;72;1
BOK;2023-09-09;2024-04-15;15;3;72;1
BOK;2023-09-09;2024-04-15;15;3;72;1
GDY;2023-09-15;2024-04-23;0.1;1;2;1
GDY;2023-09-15;2024-04-23;0.1;1;2;1
GDY;2023-09-15;2024-04-23;0.1;1;2;1
GDY;2023-09-15;2024-04-23;0.1;1;2;1
GDY;2023-09-15;2024-04-23;0.1;1;2;1
GDY;2023-09-15;2024-04-23;0.1;2;2;1
GDY;2023-09-15;2024-04-23;0.1;2;2;1
GDY;2023-09-15;2024-04-23;0.1;2;2;1
GDY;2023-09-15;2024-04-23;0.1;2;2;1
GDY;2023-09-15;2024-04-23;0.1;2;2;0
GDY;2023-09-15;2024-04-23;0.1;3;2;1
GDY;2023-09-15;2024-04-23;0.1;3;2;1
GDY;2023-09-15;2024-04-23;0.1;3;2;0
GDY;2023-09-15;2024-04-23;0.1;3;2;0
GDY;2023-09-15;2024-04-23;0.1;3;2;0
GDY;2023-09-15;2024-04-23;1;1;2;1
GDY;2023-09-15;2024-04-23;1;1;2;1
GDY;2023-09-15;2024-04-23;1;1;2;1
GDY;2023-09-15;2024-04-23;1;1;2;1
GDY;2023-09-15;2024-04-23;1;2;2;1
GDY;2023-09-15;2024-04-23;1;2;2;1
GDY;2023-09-15;2024-04-23;1;2;2;1
GDY;2023-09-15;2024-04-23;1;2;2;1
GDY;2023-09-15;2024-04-23;1;2;2;1
GDY;2023-09-15;2024-04-23;1;3;2;1
GDY;2023-09-15;2024-04-23;1;3;2;1
GDY;2023-09-15;2024-04-23;1;3;2;1
GDY;2023-09-15;2024-04-23;1;3;2;1
GDY;2023-09-15;2024-04-23;1;3;2;1
GDY;2023-09-15;2024-04-23;2;1;2;1
GDY;2023-09-15;2024-04-23;2;1;2;1
GDY;2023-09-15;2024-04-23;2;1;2;1
GDY;2023-09-15;2024-04-23;2;1;2;1
GDY;2023-09-15;2024-04-23;2;1;2;1
GDY;2023-09-15;2024-04-23;2;2;2;1
GDY;2023-09-15;2024-04-23;2;2;2;1
GDY;2023-09-15;2024-04-23;2;2;2;1
GDY;2023-09-15;2024-04-23;2;2;2;1
GDY;2023-09-15;2024-04-23;2;2;2;1
GDY;2023-09-15;2024-04-23;2;3;2;1
GDY;2023-09-15;2024-04-23;2;3;2;1
GDY;2023-09-15;2024-04-23;2;3;2;1
GDY;2023-09-15;2024-04-23;2;3;2;1
GDY;2023-09-15;2024-04-23;2;3;2;1
GDY;2023-09-15;2024-04-23;3;1;2;1
GDY;2023-09-15;2024-04-23;3;1;2;1
GDY;2023-09-15;2024-04-23;3;1;2;1
GDY;2023-09-15;2024-04-23;3;1;2;1
GDY;2023-09-15;2024-04-23;3;1;2;1
GDY;2023-09-15;2024-04-23;3;2;2;1
GDY;2023-09-15;2024-04-23;3;2;2;1
GDY;2023-09-15;2024-04-23;3;2;2;1
GDY;2023-09-15;2024-04-23;3;2;2;1
GDY;2023-09-15;2024-04-23;3;2;2;1
GDY;2023-09-15;2024-04-23;3;3;2;1
GDY;2023-09-15;2024-04-23;3;3;2;1
GDY;2023-09-15;2024-04-23;3;3;2;1
GDY;2023-09-15;2024-04-23;3;3;2;1
GDY;2023-09-15;2024-04-23;5;1;2;1
GDY;2023-09-15;2024-04-23;5;1;2;1
GDY;2023-09-15;2024-04-23;5;1;2;1
GDY;2023-09-15;2024-04-23;5;1;2;1
GDY;2023-09-15;2024-04-23;5;1;2;1
GDY;2023-09-15;2024-04-23;5;2;2;1
GDY;2023-09-15;2024-04-23;5;2;2;1
GDY;2023-09-15;2024-04-23;5;2;2;1
GDY;2023-09-15;2024-04-23;5;2;2;1
GDY;2023-09-15;2024-04-23;5;2;2;1
GDY;2023-09-15;2024-04-23;5;3;2;1
GDY;2023-09-15;2024-04-23;5;3;2;1
GDY;2023-09-15;2024-04-23;5;3;2;1
GDY;2023-09-15;2024-04-23;5;3;2;1
GDY;2023-09-15;2024-04-23;5;3;2;1
GDY;2023-09-15;2024-04-23;15;1;2;1
GDY;2023-09-15;2024-04-23;15;1;2;1
GDY;2023-09-15;2024-04-23;15;1;2;1
GDY;2023-09-15;2024-04-23;15;1;2;1
GDY;2023-09-15;2024-04-23;15;1;2;1
GDY;2023-09-15;2024-04-23;15;2;2;1
GDY;2023-09-15;2024-04-23;15;2;2;1
GDY;2023-09-15;2024-04-23;15;2;2;1
GDY;2023-09-15;2024-04-23;15;2;2;1
GDY;2023-09-15;2024-04-23;15;3;2;1
GDY;2023-09-15;2024-04-23;15;3;2;1
GDY;2023-09-15;2024-04-23;15;3;2;1
GDY;2023-09-15;2024-04-23;15;3;2;1
GDY;2023-09-15;2024-04-23;15;3;2;1
GDY;2023-09-15;2024-04-23;0.1;1;24;0
GDY;2023-09-15;2024-04-23;0.1;1;24;0
GDY;2023-09-15;2024-04-23;0.1;1;24;0
GDY;2023-09-15;2024-04-23;0.1;1;24;0
GDY;2023-09-15;2024-04-23;0.1;1;24;0
GDY;2023-09-15;2024-04-23;0.1;2;24;0
GDY;2023-09-15;2024-04-23;0.1;2;24;0
GDY;2023-09-15;2024-04-23;0.1;2;24;0
GDY;2023-09-15;2024-04-23;0.1;2;24;0
GDY;2023-09-15;2024-04-23;0.1;2;24;0
GDY;2023-09-15;2024-04-23;0.1;3;24;0
GDY;2023-09-15;2024-04-23;0.1;3;24;0
GDY;2023-09-15;2024-04-23;0.1;3;24;0
GDY;2023-09-15;2024-04-23;0.1;3;24;0
GDY;2023-09-15;2024-04-23;0.1;3;24;0
GDY;2023-09-15;2024-04-23;1;1;24;1
GDY;2023-09-15;2024-04-23;1;1;24;1
GDY;2023-09-15;2024-04-23;1;1;24;1
GDY;2023-09-15;2024-04-23;1;1;24;0
GDY;2023-09-15;2024-04-23;1;2;24;1
GDY;2023-09-15;2024-04-23;1;2;24;1
GDY;2023-09-15;2024-04-23;1;2;24;1
GDY;2023-09-15;2024-04-23;1;2;24;0
GDY;2023-09-15;2024-04-23;1;2;24;0
GDY;2023-09-15;2024-04-23;1;3;24;1
GDY;2023-09-15;2024-04-23;1;3;24;0
GDY;2023-09-15;2024-04-23;1;3;24;0
GDY;2023-09-15;2024-04-23;1;3;24;0
GDY;2023-09-15;2024-04-23;1;3;24;0
GDY;2023-09-15;2024-04-23;2;1;24;1
GDY;2023-09-15;2024-04-23;2;1;24;1
GDY;2023-09-15;2024-04-23;2;1;24;1
GDY;2023-09-15;2024-04-23;2;1;24;1
GDY;2023-09-15;2024-04-23;2;1;24;0
GDY;2023-09-15;2024-04-23;2;2;24;1
GDY;2023-09-15;2024-04-23;2;2;24;1
GDY;2023-09-15;2024-04-23;2;2;24;1
GDY;2023-09-15;2024-04-23;2;2;24;1
GDY;2023-09-15;2024-04-23;2;2;24;0
GDY;2023-09-15;2024-04-23;2;3;24;1
GDY;2023-09-15;2024-04-23;2;3;24;1
GDY;2023-09-15;2024-04-23;2;3;24;1
GDY;2023-09-15;2024-04-23;2;3;24;1
GDY;2023-09-15;2024-04-23;2;3;24;0
GDY;2023-09-15;2024-04-23;3;1;24;1
GDY;2023-09-15;2024-04-23;3;1;24;1
GDY;2023-09-15;2024-04-23;3;1;24;1
GDY;2023-09-15;2024-04-23;3;1;24;1
GDY;2023-09-15;2024-04-23;3;1;24;1
GDY;2023-09-15;2024-04-23;3;2;24;1
GDY;2023-09-15;2024-04-23;3;2;24;1
GDY;2023-09-15;2024-04-23;3;2;24;1
GDY;2023-09-15;2024-04-23;3;2;24;1
GDY;2023-09-15;2024-04-23;3;2;24;1
GDY;2023-09-15;2024-04-23;3;3;24;1
GDY;2023-09-15;2024-04-23;3;3;24;1
GDY;2023-09-15;2024-04-23;3;3;24;1
GDY;2023-09-15;2024-04-23;3;3;24;0
GDY;2023-09-15;2024-04-23;5;1;24;1
GDY;2023-09-15;2024-04-23;5;1;24;1
GDY;2023-09-15;2024-04-23;5;1;24;1
GDY;2023-09-15;2024-04-23;5;1;24;1
GDY;2023-09-15;2024-04-23;5;1;24;1
GDY;2023-09-15;2024-04-23;5;2;24;1
GDY;2023-09-15;2024-04-23;5;2;24;1
GDY;2023-09-15;2024-04-23;5;2;24;1
GDY;2023-09-15;2024-04-23;5;2;24;1
GDY;2023-09-15;2024-04-23;5;2;24;1
GDY;2023-09-15;2024-04-23;5;3;24;1
GDY;2023-09-15;2024-04-23;5;3;24;1
GDY;2023-09-15;2024-04-23;5;3;24;1
GDY;2023-09-15;2024-04-23;5;3;24;1
GDY;2023-09-15;2024-04-23;5;3;24;1
GDY;2023-09-15;2024-04-23;15;1;24;1
GDY;2023-09-15;2024-04-23;15;1;24;1
GDY;2023-09-15;2024-04-23;15;1;24;1
GDY;2023-09-15;2024-04-23;15;1;24;1
GDY;2023-09-15;2024-04-23;15;1;24;1
GDY;2023-09-15;2024-04-23;15;2;24;1
GDY;2023-09-15;2024-04-23;15;2;24;1
GDY;2023-09-15;2024-04-23;15;2;24;1
GDY;2023-09-15;2024-04-23;15;2;24;1
GDY;2023-09-15;2024-04-23;15;3;24;1
GDY;2023-09-15;2024-04-23;15;3;24;1
GDY;2023-09-15;2024-04-23;15;3;24;1
GDY;2023-09-15;2024-04-23;15;3;24;1
GDY;2023-09-15;2024-04-23;15;3;24;1
GDY;2023-09-15;2024-04-23;0.1;1;48;0
GDY;2023-09-15;2024-04-23;0.1;1;48;0
GDY;2023-09-15;2024-04-23;0.1;1;48;0
GDY;2023-09-15;2024-04-23;0.1;1;48;0
GDY;2023-09-15;2024-04-23;0.1;1;48;0
GDY;2023-09-15;2024-04-23;0.1;2;48;0
GDY;2023-09-15;2024-04-23;0.1;2;48;0
GDY;2023-09-15;2024-04-23;0.1;2;48;0
GDY;2023-09-15;2024-04-23;0.1;2;48;0
GDY;2023-09-15;2024-04-23;0.1;2;48;0
GDY;2023-09-15;2024-04-23;0.1;3;48;0
GDY;2023-09-15;2024-04-23;0.1;3;48;0
GDY;2023-09-15;2024-04-23;0.1;3;48;0
GDY;2023-09-15;2024-04-23;0.1;3;48;0
GDY;2023-09-15;2024-04-23;0.1;3;48;0
GDY;2023-09-15;2024-04-23;1;1;48;0
GDY;2023-09-15;2024-04-23;1;1;48;0
GDY;2023-09-15;2024-04-23;1;1;48;0
GDY;2023-09-15;2024-04-23;1;1;48;0
GDY;2023-09-15;2024-04-23;1;2;48;1
GDY;2023-09-15;2024-04-23;1;2;48;0
GDY;2023-09-15;2024-04-23;1;2;48;0
GDY;2023-09-15;2024-04-23;1;2;48;0
GDY;2023-09-15;2024-04-23;1;2;48;0
GDY;2023-09-15;2024-04-23;1;3;48;0
GDY;2023-09-15;2024-04-23;1;3;48;0
GDY;2023-09-15;2024-04-23;1;3;48;0
GDY;2023-09-15;2024-04-23;1;3;48;0
GDY;2023-09-15;2024-04-23;1;3;48;0
GDY;2023-09-15;2024-04-23;2;1;48;1
GDY;2023-09-15;2024-04-23;2;1;48;1
GDY;2023-09-15;2024-04-23;2;1;48;0
GDY;2023-09-15;2024-04-23;2;1;48;0
GDY;2023-09-15;2024-04-23;2;1;48;0
GDY;2023-09-15;2024-04-23;2;2;48;1
GDY;2023-09-15;2024-04-23;2;2;48;1
GDY;2023-09-15;2024-04-23;2;2;48;0
GDY;2023-09-15;2024-04-23;2;2;48;0
GDY;2023-09-15;2024-04-23;2;2;48;0
GDY;2023-09-15;2024-04-23;2;3;48;1
GDY;2023-09-15;2024-04-23;2;3;48;1
GDY;2023-09-15;2024-04-23;2;3;48;1
GDY;2023-09-15;2024-04-23;2;3;48;0
GDY;2023-09-15;2024-04-23;2;3;48;0
GDY;2023-09-15;2024-04-23;3;1;48;1
GDY;2023-09-15;2024-04-23;3;1;48;1
GDY;2023-09-15;2024-04-23;3;1;48;1
GDY;2023-09-15;2024-04-23;3;1;48;1
GDY;2023-09-15;2024-04-23;3;1;48;1
GDY;2023-09-15;2024-04-23;3;2;48;1
GDY;2023-09-15;2024-04-23;3;2;48;1
GDY;2023-09-15;2024-04-23;3;2;48;0
GDY;2023-09-15;2024-04-23;3;2;48;0
GDY;2023-09-15;2024-04-23;3;2;48;0
GDY;2023-09-15;2024-04-23;3;3;48;1
GDY;2023-09-15;2024-04-23;3;3;48;0
GDY;2023-09-15;2024-04-23;3;3;48;0
GDY;2023-09-15;2024-04-23;3;3;48;0
GDY;2023-09-15;2024-04-23;5;1;48;1
GDY;2023-09-15;2024-04-23;5;1;48;1
GDY;2023-09-15;2024-04-23;5;1;48;1
GDY;2023-09-15;2024-04-23;5;1;48;1
GDY;2023-09-15;2024-04-23;5;1;48;1
GDY;2023-09-15;2024-04-23;5;2;48;1
GDY;2023-09-15;2024-04-23;5;2;48;1
GDY;2023-09-15;2024-04-23;5;2;48;1
GDY;2023-09-15;2024-04-23;5;2;48;1
GDY;2023-09-15;2024-04-23;5;2;48;1
GDY;2023-09-15;2024-04-23;5;3;48;1
GDY;2023-09-15;2024-04-23;5;3;48;1
GDY;2023-09-15;2024-04-23;5;3;48;1
GDY;2023-09-15;2024-04-23;5;3;48;1
GDY;2023-09-15;2024-04-23;5;3;48;1
GDY;2023-09-15;2024-04-23;15;1;48;1
GDY;2023-09-15;2024-04-23;15;1;48;1
GDY;2023-09-15;2024-04-23;15;1;48;1
GDY;2023-09-15;2024-04-23;15;1;48;1
GDY;2023-09-15;2024-04-23;15;1;48;1
GDY;2023-09-15;2024-04-23;15;2;48;1
GDY;2023-09-15;2024-04-23;15;2;48;1
GDY;2023-09-15;2024-04-23;15;2;48;1
GDY;2023-09-15;2024-04-23;15;2;48;1
GDY;2023-09-15;2024-04-23;15;3;48;1
GDY;2023-09-15;2024-04-23;15;3;48;1
GDY;2023-09-15;2024-04-23;15;3;48;1
GDY;2023-09-15;2024-04-23;15;3;48;1
GDY;2023-09-15;2024-04-23;15;3;48;1
GDY;2023-09-15;2024-04-23;0.1;1;72;0
GDY;2023-09-15;2024-04-23;0.1;1;72;0
GDY;2023-09-15;2024-04-23;0.1;1;72;0
GDY;2023-09-15;2024-04-23;0.1;1;72;0
GDY;2023-09-15;2024-04-23;0.1;1;72;0
GDY;2023-09-15;2024-04-23;0.1;2;72;0
GDY;2023-09-15;2024-04-23;0.1;2;72;0
GDY;2023-09-15;2024-04-23;0.1;2;72;0
GDY;2023-09-15;2024-04-23;0.1;2;72;0
GDY;2023-09-15;2024-04-23;0.1;2;72;0
GDY;2023-09-15;2024-04-23;0.1;3;72;0
GDY;2023-09-15;2024-04-23;0.1;3;72;0
GDY;2023-09-15;2024-04-23;0.1;3;72;0
GDY;2023-09-15;2024-04-23;0.1;3;72;0
GDY;2023-09-15;2024-04-23;0.1;3;72;0
GDY;2023-09-15;2024-04-23;1;1;72;0
GDY;2023-09-15;2024-04-23;1;1;72;0
GDY;2023-09-15;2024-04-23;1;1;72;0
GDY;2023-09-15;2024-04-23;1;1;72;0
GDY;2023-09-15;2024-04-23;1;2;72;1
GDY;2023-09-15;2024-04-23;1;2;72;0
GDY;2023-09-15;2024-04-23;1;2;72;0
GDY;2023-09-15;2024-04-23;1;2;72;0
GDY;2023-09-15;2024-04-23;1;2;72;0
GDY;2023-09-15;2024-04-23;1;3;72;0
GDY;2023-09-15;2024-04-23;1;3;72;0
GDY;2023-09-15;2024-04-23;1;3;72;0
GDY;2023-09-15;2024-04-23;1;3;72;0
GDY;2023-09-15;2024-04-23;1;3;72;0
GDY;2023-09-15;2024-04-23;2;1;72;1
GDY;2023-09-15;2024-04-23;2;1;72;0
GDY;2023-09-15;2024-04-23;2;1;72;0
GDY;2023-09-15;2024-04-23;2;1;72;0
GDY;2023-09-15;2024-04-23;2;1;72;0
GDY;2023-09-15;2024-04-23;2;2;72;1
GDY;2023-09-15;2024-04-23;2;2;72;1
GDY;2023-09-15;2024-04-23;2;2;72;0
GDY;2023-09-15;2024-04-23;2;2;72;0
GDY;2023-09-15;2024-04-23;2;2;72;0
GDY;2023-09-15;2024-04-23;2;3;72;1
GDY;2023-09-15;2024-04-23;2;3;72;0
GDY;2023-09-15;2024-04-23;2;3;72;0
GDY;2023-09-15;2024-04-23;2;3;72;0
GDY;2023-09-15;2024-04-23;2;3;72;0
GDY;2023-09-15;2024-04-23;3;1;72;1
GDY;2023-09-15;2024-04-23;3;1;72;1
GDY;2023-09-15;2024-04-23;3;1;72;1
GDY;2023-09-15;2024-04-23;3;1;72;1
GDY;2023-09-15;2024-04-23;3;1;72;0
GDY;2023-09-15;2024-04-23;3;2;72;1
GDY;2023-09-15;2024-04-23;3;2;72;1
GDY;2023-09-15;2024-04-23;3;2;72;0
GDY;2023-09-15;2024-04-23;3;2;72;0
GDY;2023-09-15;2024-04-23;3;2;72;0
GDY;2023-09-15;2024-04-23;3;3;72;1
GDY;2023-09-15;2024-04-23;3;3;72;0
GDY;2023-09-15;2024-04-23;3;3;72;0
GDY;2023-09-15;2024-04-23;3;3;72;0
GDY;2023-09-15;2024-04-23;5;1;72;1
GDY;2023-09-15;2024-04-23;5;1;72;1
GDY;2023-09-15;2024-04-23;5;1;72;1
GDY;2023-09-15;2024-04-23;5;1;72;1
GDY;2023-09-15;2024-04-23;5;1;72;1
GDY;2023-09-15;2024-04-23;5;2;72;1
GDY;2023-09-15;2024-04-23;5;2;72;1
GDY;2023-09-15;2024-04-23;5;2;72;1
GDY;2023-09-15;2024-04-23;5;2;72;1
GDY;2023-09-15;2024-04-23;5;2;72;1
GDY;2023-09-15;2024-04-23;5;3;72;1
GDY;2023-09-15;2024-04-23;5;3;72;1
GDY;2023-09-15;2024-04-23;5;3;72;1
GDY;2023-09-15;2024-04-23;5;3;72;1
GDY;2023-09-15;2024-04-23;5;3;72;0
GDY;2023-09-15;2024-04-23;15;1;72;1
GDY;2023-09-15;2024-04-23;15;1;72;1
GDY;2023-09-15;2024-04-23;15;1;72;1
GDY;2023-09-15;2024-04-23;15;1;72;1
GDY;2023-09-15;2024-04-23;15;1;72;1
GDY;2023-09-15;2024-04-23;15;2;72;1
GDY;2023-09-15;2024-04-23;15;2;72;1
GDY;2023-09-15;2024-04-23;15;2;72;1
GDY;2023-09-15;2024-04-23;15;2;72;1
GDY;2023-09-15;2024-04-23;15;3;72;1
GDY;2023-09-15;2024-04-23;15;3;72;1
GDY;2023-09-15;2024-04-23;15;3;72;1
GDY;2023-09-15;2024-04-23;15;3;72;1
GDY;2023-09-15;2024-04-23;15;3;72;1
LL17;2023-08-15;2024-04-24;0.1;1;2;1
LL17;2023-08-15;2024-04-24;0.1;1;2;1
LL17;2023-08-15;2024-04-24;0.1;1;2;1
LL17;2023-08-15;2024-04-24;0.1;1;2;0
LL17;2023-08-15;2024-04-24;0.1;1;2;0
LL17;2023-08-15;2024-04-24;0.1;2;2;1
LL17;2023-08-15;2024-04-24;0.1;2;2;1
LL17;2023-08-15;2024-04-24;0.1;2;2;1
LL17;2023-08-15;2024-04-24;0.1;2;2;1
LL17;2023-08-15;2024-04-24;0.1;3;2;1
LL17;2023-08-15;2024-04-24;0.1;3;2;0
LL17;2023-08-15;2024-04-24;0.1;3;2;0
LL17;2023-08-15;2024-04-24;0.1;3;2;0
LL17;2023-08-15;2024-04-24;0.1;3;2;0
LL17;2023-08-15;2024-04-24;1;1;2;1
LL17;2023-08-15;2024-04-24;1;1;2;1
LL17;2023-08-15;2024-04-24;1;1;2;1
LL17;2023-08-15;2024-04-24;1;1;2;1
LL17;2023-08-15;2024-04-24;1;1;2;1
LL17;2023-08-15;2024-04-24;1;2;2;1
LL17;2023-08-15;2024-04-24;1;2;2;1
LL17;2023-08-15;2024-04-24;1;2;2;1
LL17;2023-08-15;2024-04-24;1;2;2;1
LL17;2023-08-15;2024-04-24;1;2;2;1
LL17;2023-08-15;2024-04-24;1;3;2;1
LL17;2023-08-15;2024-04-24;1;3;2;1
LL17;2023-08-15;2024-04-24;1;3;2;1
LL17;2023-08-15;2024-04-24;1;3;2;1
LL17;2023-08-15;2024-04-24;1;3;2;1
LL17;2023-08-15;2024-04-24;2;1;2;1
LL17;2023-08-15;2024-04-24;2;1;2;1
LL17;2023-08-15;2024-04-24;2;1;2;1
LL17;2023-08-15;2024-04-24;2;1;2;1
LL17;2023-08-15;2024-04-24;2;1;2;1
LL17;2023-08-15;2024-04-24;2;2;2;1
LL17;2023-08-15;2024-04-24;2;2;2;1
LL17;2023-08-15;2024-04-24;2;2;2;1
LL17;2023-08-15;2024-04-24;2;2;2;1
LL17;2023-08-15;2024-04-24;2;3;2;1
LL17;2023-08-15;2024-04-24;2;3;2;1
LL17;2023-08-15;2024-04-24;2;3;2;1
LL17;2023-08-15;2024-04-24;2;3;2;1
LL17;2023-08-15;2024-04-24;2;3;2;1
LL17;2023-08-15;2024-04-24;3;1;2;1
LL17;2023-08-15;2024-04-24;3;1;2;1
LL17;2023-08-15;2024-04-24;3;1;2;1
LL17;2023-08-15;2024-04-24;3;1;2;1
LL17;2023-08-15;2024-04-24;3;1;2;1
LL17;2023-08-15;2024-04-24;3;2;2;1
LL17;2023-08-15;2024-04-24;3;2;2;1
LL17;2023-08-15;2024-04-24;3;2;2;1
LL17;2023-08-15;2024-04-24;3;2;2;1
LL17;2023-08-15;2024-04-24;3;2;2;1
LL17;2023-08-15;2024-04-24;3;3;2;1
LL17;2023-08-15;2024-04-24;3;3;2;1
LL17;2023-08-15;2024-04-24;3;3;2;1
LL17;2023-08-15;2024-04-24;3;3;2;1
LL17;2023-08-15;2024-04-24;5;1;2;1
LL17;2023-08-15;2024-04-24;5;1;2;1
LL17;2023-08-15;2024-04-24;5;1;2;1
LL17;2023-08-15;2024-04-24;5;1;2;1
LL17;2023-08-15;2024-04-24;5;1;2;1
LL17;2023-08-15;2024-04-24;5;2;2;1
LL17;2023-08-15;2024-04-24;5;2;2;1
LL17;2023-08-15;2024-04-24;5;2;2;1
LL17;2023-08-15;2024-04-24;5;2;2;1
LL17;2023-08-15;2024-04-24;5;2;2;1
LL17;2023-08-15;2024-04-24;5;3;2;1
LL17;2023-08-15;2024-04-24;5;3;2;1
LL17;2023-08-15;2024-04-24;5;3;2;1
LL17;2023-08-15;2024-04-24;5;3;2;1
LL17;2023-08-15;2024-04-24;5;3;2;1
LL17;2023-08-15;2024-04-24;15;1;2;1
LL17;2023-08-15;2024-04-24;15;1;2;1
LL17;2023-08-15;2024-04-24;15;1;2;1
LL17;2023-08-15;2024-04-24;15;1;2;1
LL17;2023-08-15;2024-04-24;15;1;2;1
LL17;2023-08-15;2024-04-24;15;2;2;1
LL17;2023-08-15;2024-04-24;15;2;2;1
LL17;2023-08-15;2024-04-24;15;2;2;1
LL17;2023-08-15;2024-04-24;15;2;2;1
LL17;2023-08-15;2024-04-24;15;3;2;1
LL17;2023-08-15;2024-04-24;15;3;2;1
LL17;2023-08-15;2024-04-24;15;3;2;1
LL17;2023-08-15;2024-04-24;15;3;2;1
LL17;2023-08-15;2024-04-24;15;3;2;1
LL17;2023-08-15;2024-04-24;0.1;1;24;0
LL17;2023-08-15;2024-04-24;0.1;1;24;0
LL17;2023-08-15;2024-04-24;0.1;1;24;0
LL17;2023-08-15;2024-04-24;0.1;1;24;0
LL17;2023-08-15;2024-04-24;0.1;1;24;0
LL17;2023-08-15;2024-04-24;0.1;2;24;0
LL17;2023-08-15;2024-04-24;0.1;2;24;0
LL17;2023-08-15;2024-04-24;0.1;2;24;0
LL17;2023-08-15;2024-04-24;0.1;2;24;0
LL17;2023-08-15;2024-04-24;0.1;3;24;0
LL17;2023-08-15;2024-04-24;0.1;3;24;0
LL17;2023-08-15;2024-04-24;0.1;3;24;0
LL17;2023-08-15;2024-04-24;0.1;3;24;0
LL17;2023-08-15;2024-04-24;0.1;3;24;0
LL17;2023-08-15;2024-04-24;1;1;24;1
LL17;2023-08-15;2024-04-24;1;1;24;1
LL17;2023-08-15;2024-04-24;1;1;24;1
LL17;2023-08-15;2024-04-24;1;1;24;0
LL17;2023-08-15;2024-04-24;1;1;24;0
LL17;2023-08-15;2024-04-24;1;2;24;1
LL17;2023-08-15;2024-04-24;1;2;24;1
LL17;2023-08-15;2024-04-24;1;2;24;0
LL17;2023-08-15;2024-04-24;1;2;24;0
LL17;2023-08-15;2024-04-24;1;2;24;0
LL17;2023-08-15;2024-04-24;1;3;24;1
LL17;2023-08-15;2024-04-24;1;3;24;1
LL17;2023-08-15;2024-04-24;1;3;24;1
LL17;2023-08-15;2024-04-24;1;3;24;0
LL17;2023-08-15;2024-04-24;1;3;24;0
LL17;2023-08-15;2024-04-24;2;1;24;1
LL17;2023-08-15;2024-04-24;2;1;24;1
LL17;2023-08-15;2024-04-24;2;1;24;1
LL17;2023-08-15;2024-04-24;2;1;24;1
LL17;2023-08-15;2024-04-24;2;1;24;1
LL17;2023-08-15;2024-04-24;2;2;24;1
LL17;2023-08-15;2024-04-24;2;2;24;1
LL17;2023-08-15;2024-04-24;2;2;24;1
LL17;2023-08-15;2024-04-24;2;2;24;1
LL17;2023-08-15;2024-04-24;2;3;24;1
LL17;2023-08-15;2024-04-24;2;3;24;1
LL17;2023-08-15;2024-04-24;2;3;24;1
LL17;2023-08-15;2024-04-24;2;3;24;1
LL17;2023-08-15;2024-04-24;2;3;24;0
LL17;2023-08-15;2024-04-24;3;1;24;1
LL17;2023-08-15;2024-04-24;3;1;24;1
LL17;2023-08-15;2024-04-24;3;1;24;1
LL17;2023-08-15;2024-04-24;3;1;24;1
LL17;2023-08-15;2024-04-24;3;1;24;1
LL17;2023-08-15;2024-04-24;3;2;24;1
LL17;2023-08-15;2024-04-24;3;2;24;1
LL17;2023-08-15;2024-04-24;3;2;24;1
LL17;2023-08-15;2024-04-24;3;2;24;1
LL17;2023-08-15;2024-04-24;3;2;24;1
LL17;2023-08-15;2024-04-24;3;3;24;1
LL17;2023-08-15;2024-04-24;3;3;24;1
LL17;2023-08-15;2024-04-24;3;3;24;1
LL17;2023-08-15;2024-04-24;3;3;24;1
LL17;2023-08-15;2024-04-24;5;1;24;1
LL17;2023-08-15;2024-04-24;5;1;24;1
LL17;2023-08-15;2024-04-24;5;1;24;1
LL17;2023-08-15;2024-04-24;5;1;24;1
LL17;2023-08-15;2024-04-24;5;1;24;1
LL17;2023-08-15;2024-04-24;5;2;24;1
LL17;2023-08-15;2024-04-24;5;2;24;1
LL17;2023-08-15;2024-04-24;5;2;24;1
LL17;2023-08-15;2024-04-24;5;2;24;1
LL17;2023-08-15;2024-04-24;5;2;24;1
LL17;2023-08-15;2024-04-24;5;3;24;1
LL17;2023-08-15;2024-04-24;5;3;24;1
LL17;2023-08-15;2024-04-24;5;3;24;1
LL17;2023-08-15;2024-04-24;5;3;24;1
LL17;2023-08-15;2024-04-24;5;3;24;1
LL17;2023-08-15;2024-04-24;15;1;24;1
LL17;2023-08-15;2024-04-24;15;1;24;1
LL17;2023-08-15;2024-04-24;15;1;24;1
LL17;2023-08-15;2024-04-24;15;1;24;1
LL17;2023-08-15;2024-04-24;15;1;24;1
LL17;2023-08-15;2024-04-24;15;2;24;1
LL17;2023-08-15;2024-04-24;15;2;24;1
LL17;2023-08-15;2024-04-24;15;2;24;1
LL17;2023-08-15;2024-04-24;15;2;24;1
LL17;2023-08-15;2024-04-24;15;3;24;1
LL17;2023-08-15;2024-04-24;15;3;24;1
LL17;2023-08-15;2024-04-24;15;3;24;1
LL17;2023-08-15;2024-04-24;15;3;24;1
LL17;2023-08-15;2024-04-24;15;3;24;1
LL17;2023-08-15;2024-04-24;0.1;1;48;0
LL17;2023-08-15;2024-04-24;0.1;1;48;0
LL17;2023-08-15;2024-04-24;0.1;1;48;0
LL17;2023-08-15;2024-04-24;0.1;1;48;0
LL17;2023-08-15;2024-04-24;0.1;1;48;0
LL17;2023-08-15;2024-04-24;0.1;2;48;0
LL17;2023-08-15;2024-04-24;0.1;2;48;0
LL17;2023-08-15;2024-04-24;0.1;2;48;0
LL17;2023-08-15;2024-04-24;0.1;2;48;0
LL17;2023-08-15;2024-04-24;0.1;3;48;0
LL17;2023-08-15;2024-04-24;0.1;3;48;0
LL17;2023-08-15;2024-04-24;0.1;3;48;0
LL17;2023-08-15;2024-04-24;0.1;3;48;0
LL17;2023-08-15;2024-04-24;0.1;3;48;0
LL17;2023-08-15;2024-04-24;1;1;48;0
LL17;2023-08-15;2024-04-24;1;1;48;0
LL17;2023-08-15;2024-04-24;1;1;48;0
LL17;2023-08-15;2024-04-24;1;1;48;0
LL17;2023-08-15;2024-04-24;1;1;48;0
LL17;2023-08-15;2024-04-24;1;2;48;0
LL17;2023-08-15;2024-04-24;1;2;48;0
LL17;2023-08-15;2024-04-24;1;2;48;0
LL17;2023-08-15;2024-04-24;1;2;48;0
LL17;2023-08-15;2024-04-24;1;2;48;0
LL17;2023-08-15;2024-04-24;1;3;48;1
LL17;2023-08-15;2024-04-24;1;3;48;1
LL17;2023-08-15;2024-04-24;1;3;48;0
LL17;2023-08-15;2024-04-24;1;3;48;0
LL17;2023-08-15;2024-04-24;1;3;48;0
LL17;2023-08-15;2024-04-24;2;1;48;1
LL17;2023-08-15;2024-04-24;2;1;48;1
LL17;2023-08-15;2024-04-24;2;1;48;1
LL17;2023-08-15;2024-04-24;2;1;48;1
LL17;2023-08-15;2024-04-24;2;1;48;0
LL17;2023-08-15;2024-04-24;2;2;48;1
LL17;2023-08-15;2024-04-24;2;2;48;1
LL17;2023-08-15;2024-04-24;2;2;48;0
LL17;2023-08-15;2024-04-24;2;2;48;0
LL17;2023-08-15;2024-04-24;2;3;48;1
LL17;2023-08-15;2024-04-24;2;3;48;1
LL17;2023-08-15;2024-04-24;2;3;48;1
LL17;2023-08-15;2024-04-24;2;3;48;0
LL17;2023-08-15;2024-04-24;2;3;48;0
LL17;2023-08-15;2024-04-24;3;1;48;1
LL17;2023-08-15;2024-04-24;3;1;48;1
LL17;2023-08-15;2024-04-24;3;1;48;1
LL17;2023-08-15;2024-04-24;3;1;48;1
LL17;2023-08-15;2024-04-24;3;1;48;1
LL17;2023-08-15;2024-04-24;3;2;48;1
LL17;2023-08-15;2024-04-24;3;2;48;1
LL17;2023-08-15;2024-04-24;3;2;48;1
LL17;2023-08-15;2024-04-24;3;2;48;1
LL17;2023-08-15;2024-04-24;3;2;48;1
LL17;2023-08-15;2024-04-24;3;3;48;1
LL17;2023-08-15;2024-04-24;3;3;48;1
LL17;2023-08-15;2024-04-24;3;3;48;1
LL17;2023-08-15;2024-04-24;3;3;48;1
LL17;2023-08-15;2024-04-24;5;1;48;1
LL17;2023-08-15;2024-04-24;5;1;48;1
LL17;2023-08-15;2024-04-24;5;1;48;1
LL17;2023-08-15;2024-04-24;5;1;48;1
LL17;2023-08-15;2024-04-24;5;1;48;1
LL17;2023-08-15;2024-04-24;5;2;48;1
LL17;2023-08-15;2024-04-24;5;2;48;1
LL17;2023-08-15;2024-04-24;5;2;48;1
LL17;2023-08-15;2024-04-24;5;2;48;1
LL17;2023-08-15;2024-04-24;5;2;48;1
LL17;2023-08-15;2024-04-24;5;3;48;1
LL17;2023-08-15;2024-04-24;5;3;48;1
LL17;2023-08-15;2024-04-24;5;3;48;1
LL17;2023-08-15;2024-04-24;5;3;48;1
LL17;2023-08-15;2024-04-24;5;3;48;1
LL17;2023-08-15;2024-04-24;15;1;48;1
LL17;2023-08-15;2024-04-24;15;1;48;1
LL17;2023-08-15;2024-04-24;15;1;48;1
LL17;2023-08-15;2024-04-24;15;1;48;1
LL17;2023-08-15;2024-04-24;15;1;48;1
LL17;2023-08-15;2024-04-24;15;2;48;1
LL17;2023-08-15;2024-04-24;15;2;48;1
LL17;2023-08-15;2024-04-24;15;2;48;1
LL17;2023-08-15;2024-04-24;15;2;48;1
LL17;2023-08-15;2024-04-24;15;3;48;1
LL17;2023-08-15;2024-04-24;15;3;48;1
LL17;2023-08-15;2024-04-24;15;3;48;1
LL17;2023-08-15;2024-04-24;15;3;48;1
LL17;2023-08-15;2024-04-24;15;3;48;1
LL17;2023-08-15;2024-04-24;0.1;1;72;0
LL17;2023-08-15;2024-04-24;0.1;1;72;0
LL17;2023-08-15;2024-04-24;0.1;1;72;0
LL17;2023-08-15;2024-04-24;0.1;1;72;0
LL17;2023-08-15;2024-04-24;0.1;1;72;0
LL17;2023-08-15;2024-04-24;0.1;2;72;0
LL17;2023-08-15;2024-04-24;0.1;2;72;0
LL17;2023-08-15;2024-04-24;0.1;2;72;0
LL17;2023-08-15;2024-04-24;0.1;2;72;0
LL17;2023-08-15;2024-04-24;0.1;3;72;0
LL17;2023-08-15;2024-04-24;0.1;3;72;0
LL17;2023-08-15;2024-04-24;0.1;3;72;0
LL17;2023-08-15;2024-04-24;0.1;3;72;0
LL17;2023-08-15;2024-04-24;0.1;3;72;0
LL17;2023-08-15;2024-04-24;1;1;72;0
LL17;2023-08-15;2024-04-24;1;1;72;0
LL17;2023-08-15;2024-04-24;1;1;72;0
LL17;2023-08-15;2024-04-24;1;1;72;0
LL17;2023-08-15;2024-04-24;1;1;72;0
LL17;2023-08-15;2024-04-24;1;2;72;0
LL17;2023-08-15;2024-04-24;1;2;72;0
LL17;2023-08-15;2024-04-24;1;2;72;0
LL17;2023-08-15;2024-04-24;1;2;72;0
LL17;2023-08-15;2024-04-24;1;2;72;0
LL17;2023-08-15;2024-04-24;1;3;72;0
LL17;2023-08-15;2024-04-24;1;3;72;0
LL17;2023-08-15;2024-04-24;1;3;72;0
LL17;2023-08-15;2024-04-24;1;3;72;0
LL17;2023-08-15;2024-04-24;1;3;72;0
LL17;2023-08-15;2024-04-24;2;1;72;1
LL17;2023-08-15;2024-04-24;2;1;72;1
LL17;2023-08-15;2024-04-24;2;1;72;0
LL17;2023-08-15;2024-04-24;2;1;72;0
LL17;2023-08-15;2024-04-24;2;1;72;0
LL17;2023-08-15;2024-04-24;2;2;72;1
LL17;2023-08-15;2024-04-24;2;2;72;1
LL17;2023-08-15;2024-04-24;2;2;72;0
LL17;2023-08-15;2024-04-24;2;2;72;0
LL17;2023-08-15;2024-04-24;2;3;72;0
LL17;2023-08-15;2024-04-24;2;3;72;0
LL17;2023-08-15;2024-04-24;2;3;72;0
LL17;2023-08-15;2024-04-24;2;3;72;0
LL17;2023-08-15;2024-04-24;2;3;72;0
LL17;2023-08-15;2024-04-24;3;1;72;1
LL17;2023-08-15;2024-04-24;3;1;72;1
LL17;2023-08-15;2024-04-24;3;1;72;1
LL17;2023-08-15;2024-04-24;3;1;72;1
LL17;2023-08-15;2024-04-24;3;1;72;1
LL17;2023-08-15;2024-04-24;3;2;72;1
LL17;2023-08-15;2024-04-24;3;2;72;1
LL17;2023-08-15;2024-04-24;3;2;72;1
LL17;2023-08-15;2024-04-24;3;2;72;1
LL17;2023-08-15;2024-04-24;3;2;72;1
LL17;2023-08-15;2024-04-24;3;3;72;1
LL17;2023-08-15;2024-04-24;3;3;72;1
LL17;2023-08-15;2024-04-24;3;3;72;1
LL17;2023-08-15;2024-04-24;3;3;72;1
LL17;2023-08-15;2024-04-24;5;1;72;1
LL17;2023-08-15;2024-04-24;5;1;72;1
LL17;2023-08-15;2024-04-24;5;1;72;1
LL17;2023-08-15;2024-04-24;5;1;72;1
LL17;2023-08-15;2024-04-24;5;1;72;1
LL17;2023-08-15;2024-04-24;5;2;72;1
LL17;2023-08-15;2024-04-24;5;2;72;1
LL17;2023-08-15;2024-04-24;5;2;72;1
LL17;2023-08-15;2024-04-24;5;2;72;1
LL17;2023-08-15;2024-04-24;5;2;72;1
LL17;2023-08-15;2024-04-24;5;3;72;1
LL17;2023-08-15;2024-04-24;5;3;72;1
LL17;2023-08-15;2024-04-24;5;3;72;1
LL17;2023-08-15;2024-04-24;5;3;72;1
LL17;2023-08-15;2024-04-24;5;3;72;1
LL17;2023-08-15;2024-04-24;15;1;72;1
LL17;2023-08-15;2024-04-24;15;1;72;1
LL17;2023-08-15;2024-04-24;15;1;72;1
LL17;2023-08-15;2024-04-24;15;1;72;1
LL17;2023-08-15;2024-04-24;15;1;72;1
LL17;2023-08-15;2024-04-24;15;2;72;1
LL17;2023-08-15;2024-04-24;15;2;72;1
LL17;2023-08-15;2024-04-24;15;2;72;1
LL17;2023-08-15;2024-04-24;15;2;72;1
LL17;2023-08-15;2024-04-24;15;3;72;1
LL17;2023-08-15;2024-04-24;15;3;72;1
LL17;2023-08-15;2024-04-24;15;3;72;1
LL17;2023-08-15;2024-04-24;15;3;72;1
LL17;2023-08-15;2024-04-24;15;3;72;1
BB23;2023-09-02;2024-05-06;0.1;1;2;1
BB23;2023-09-02;2024-05-06;0.1;1;2;1
BB23;2023-09-02;2024-05-06;0.1;1;2;1
BB23;2023-09-02;2024-05-06;0.1;1;2;0
BB23;2023-09-02;2024-05-06;0.1;1;2;0
BB23;2023-09-02;2024-05-06;0.1;2;2;0
BB23;2023-09-02;2024-05-06;0.1;2;2;0
BB23;2023-09-02;2024-05-06;0.1;2;2;0
BB23;2023-09-02;2024-05-06;0.1;2;2;0
BB23;2023-09-02;2024-05-06;0.1;2;2;0
BB23;2023-09-02;2024-05-06;0.1;3;2;1
BB23;2023-09-02;2024-05-06;0.1;3;2;0
BB23;2023-09-02;2024-05-06;0.1;3;2;0
BB23;2023-09-02;2024-05-06;0.1;3;2;0
BB23;2023-09-02;2024-05-06;0.1;3;2;0
BB23;2023-09-02;2024-05-06;1;1;2;1
BB23;2023-09-02;2024-05-06;1;1;2;1
BB23;2023-09-02;2024-05-06;1;1;2;1
BB23;2023-09-02;2024-05-06;1;1;2;1
BB23;2023-09-02;2024-05-06;1;1;2;0
BB23;2023-09-02;2024-05-06;1;2;2;1
BB23;2023-09-02;2024-05-06;1;2;2;1
BB23;2023-09-02;2024-05-06;1;2;2;1
BB23;2023-09-02;2024-05-06;1;2;2;1
BB23;2023-09-02;2024-05-06;1;2;2;0
BB23;2023-09-02;2024-05-06;1;3;2;1
BB23;2023-09-02;2024-05-06;1;3;2;1
BB23;2023-09-02;2024-05-06;1;3;2;1
BB23;2023-09-02;2024-05-06;1;3;2;0
BB23;2023-09-02;2024-05-06;1;3;2;0
BB23;2023-09-02;2024-05-06;2;1;2;1
BB23;2023-09-02;2024-05-06;2;1;2;1
BB23;2023-09-02;2024-05-06;2;1;2;1
BB23;2023-09-02;2024-05-06;2;1;2;1
BB23;2023-09-02;2024-05-06;2;1;2;1
BB23;2023-09-02;2024-05-06;2;2;2;1
BB23;2023-09-02;2024-05-06;2;2;2;1
BB23;2023-09-02;2024-05-06;2;2;2;1
BB23;2023-09-02;2024-05-06;2;2;2;1
BB23;2023-09-02;2024-05-06;2;2;2;0
BB23;2023-09-02;2024-05-06;2;3;2;1
BB23;2023-09-02;2024-05-06;2;3;2;1
BB23;2023-09-02;2024-05-06;2;3;2;1
BB23;2023-09-02;2024-05-06;2;3;2;1
BB23;2023-09-02;2024-05-06;2;3;2;1
BB23;2023-09-02;2024-05-06;3;1;2;1
BB23;2023-09-02;2024-05-06;3;1;2;1
BB23;2023-09-02;2024-05-06;3;1;2;1
BB23;2023-09-02;2024-05-06;3;1;2;1
BB23;2023-09-02;2024-05-06;3;1;2;1
BB23;2023-09-02;2024-05-06;3;2;2;1
BB23;2023-09-02;2024-05-06;3;2;2;1
BB23;2023-09-02;2024-05-06;3;2;2;1
BB23;2023-09-02;2024-05-06;3;2;2;1
BB23;2023-09-02;2024-05-06;3;2;2;1
BB23;2023-09-02;2024-05-06;3;3;2;1
BB23;2023-09-02;2024-05-06;3;3;2;1
BB23;2023-09-02;2024-05-06;3;3;2;1
BB23;2023-09-02;2024-05-06;3;3;2;1
BB23;2023-09-02;2024-05-06;3;3;2;1
BB23;2023-09-02;2024-05-06;5;1;2;1
BB23;2023-09-02;2024-05-06;5;1;2;1
BB23;2023-09-02;2024-05-06;5;1;2;1
BB23;2023-09-02;2024-05-06;5;1;2;1
BB23;2023-09-02;2024-05-06;5;1;2;1
BB23;2023-09-02;2024-05-06;5;2;2;1
BB23;2023-09-02;2024-05-06;5;2;2;1
BB23;2023-09-02;2024-05-06;5;2;2;1
BB23;2023-09-02;2024-05-06;5;2;2;1
BB23;2023-09-02;2024-05-06;5;2;2;1
BB23;2023-09-02;2024-05-06;5;3;2;1
BB23;2023-09-02;2024-05-06;5;3;2;1
BB23;2023-09-02;2024-05-06;5;3;2;1
BB23;2023-09-02;2024-05-06;5;3;2;1
BB23;2023-09-02;2024-05-06;5;3;2;1
BB23;2023-09-02;2024-05-06;15;1;2;1
BB23;2023-09-02;2024-05-06;15;1;2;1
BB23;2023-09-02;2024-05-06;15;1;2;1
BB23;2023-09-02;2024-05-06;15;1;2;1
BB23;2023-09-02;2024-05-06;15;2;2;1
BB23;2023-09-02;2024-05-06;15;2;2;1
BB23;2023-09-02;2024-05-06;15;2;2;1
BB23;2023-09-02;2024-05-06;15;2;2;1
BB23;2023-09-02;2024-05-06;15;2;2;1
BB23;2023-09-02;2024-05-06;15;3;2;1
BB23;2023-09-02;2024-05-06;15;3;2;1
BB23;2023-09-02;2024-05-06;15;3;2;1
BB23;2023-09-02;2024-05-06;15;3;2;1
BB23;2023-09-02;2024-05-06;15;3;2;1
BB23;2023-09-02;2024-05-06;0.1;1;24;1
BB23;2023-09-02;2024-05-06;0.1;1;24;0
BB23;2023-09-02;2024-05-06;0.1;1;24;0
BB23;2023-09-02;2024-05-06;0.1;1;24;0
BB23;2023-09-02;2024-05-06;0.1;1;24;0
BB23;2023-09-02;2024-05-06;0.1;2;24;0
BB23;2023-09-02;2024-05-06;0.1;2;24;0
BB23;2023-09-02;2024-05-06;0.1;2;24;0
BB23;2023-09-02;2024-05-06;0.1;2;24;0
BB23;2023-09-02;2024-05-06;0.1;2;24;0
BB23;2023-09-02;2024-05-06;0.1;3;24;0
BB23;2023-09-02;2024-05-06;0.1;3;24;0
BB23;2023-09-02;2024-05-06;0.1;3;24;0
BB23;2023-09-02;2024-05-06;0.1;3;24;0
BB23;2023-09-02;2024-05-06;0.1;3;24;0
BB23;2023-09-02;2024-05-06;1;1;24;1
BB23;2023-09-02;2024-05-06;1;1;24;1
BB23;2023-09-02;2024-05-06;1;1;24;0
BB23;2023-09-02;2024-05-06;1;1;24;0
BB23;2023-09-02;2024-05-06;1;1;24;0
BB23;2023-09-02;2024-05-06;1;2;24;1
BB23;2023-09-02;2024-05-06;1;2;24;0
BB23;2023-09-02;2024-05-06;1;2;24;0
BB23;2023-09-02;2024-05-06;1;2;24;0
BB23;2023-09-02;2024-05-06;1;2;24;0
BB23;2023-09-02;2024-05-06;1;3;24;1
BB23;2023-09-02;2024-05-06;1;3;24;0
BB23;2023-09-02;2024-05-06;1;3;24;0
BB23;2023-09-02;2024-05-06;1;3;24;0
BB23;2023-09-02;2024-05-06;1;3;24;0
BB23;2023-09-02;2024-05-06;2;1;24;1
BB23;2023-09-02;2024-05-06;2;1;24;1
BB23;2023-09-02;2024-05-06;2;1;24;1
BB23;2023-09-02;2024-05-06;2;1;24;0
BB23;2023-09-02;2024-05-06;2;1;24;0
BB23;2023-09-02;2024-05-06;2;2;24;1
BB23;2023-09-02;2024-05-06;2;2;24;1
BB23;2023-09-02;2024-05-06;2;2;24;1
BB23;2023-09-02;2024-05-06;2;2;24;0
BB23;2023-09-02;2024-05-06;2;2;24;0
BB23;2023-09-02;2024-05-06;2;3;24;1
BB23;2023-09-02;2024-05-06;2;3;24;1
BB23;2023-09-02;2024-05-06;2;3;24;1
BB23;2023-09-02;2024-05-06;2;3;24;0
BB23;2023-09-02;2024-05-06;2;3;24;0
BB23;2023-09-02;2024-05-06;3;1;24;1
BB23;2023-09-02;2024-05-06;3;1;24;1
BB23;2023-09-02;2024-05-06;3;1;24;1
BB23;2023-09-02;2024-05-06;3;1;24;1
BB23;2023-09-02;2024-05-06;3;1;24;1
BB23;2023-09-02;2024-05-06;3;2;24;1
BB23;2023-09-02;2024-05-06;3;2;24;1
BB23;2023-09-02;2024-05-06;3;2;24;1
BB23;2023-09-02;2024-05-06;3;2;24;1
BB23;2023-09-02;2024-05-06;3;2;24;1
BB23;2023-09-02;2024-05-06;3;3;24;1
BB23;2023-09-02;2024-05-06;3;3;24;1
BB23;2023-09-02;2024-05-06;3;3;24;1
BB23;2023-09-02;2024-05-06;3;3;24;1
BB23;2023-09-02;2024-05-06;3;3;24;1
BB23;2023-09-02;2024-05-06;5;1;24;1
BB23;2023-09-02;2024-05-06;5;1;24;1
BB23;2023-09-02;2024-05-06;5;1;24;1
BB23;2023-09-02;2024-05-06;5;1;24;1
BB23;2023-09-02;2024-05-06;5;1;24;1
BB23;2023-09-02;2024-05-06;5;2;24;1
BB23;2023-09-02;2024-05-06;5;2;24;1
BB23;2023-09-02;2024-05-06;5;2;24;1
BB23;2023-09-02;2024-05-06;5;2;24;1
BB23;2023-09-02;2024-05-06;5;2;24;0
BB23;2023-09-02;2024-05-06;5;3;24;1
BB23;2023-09-02;2024-05-06;5;3;24;1
BB23;2023-09-02;2024-05-06;5;3;24;1
BB23;2023-09-02;2024-05-06;5;3;24;1
BB23;2023-09-02;2024-05-06;5;3;24;1
BB23;2023-09-02;2024-05-06;15;1;24;1
BB23;2023-09-02;2024-05-06;15;1;24;1
BB23;2023-09-02;2024-05-06;15;1;24;1
BB23;2023-09-02;2024-05-06;15;1;24;1
BB23;2023-09-02;2024-05-06;15;2;24;1
BB23;2023-09-02;2024-05-06;15;2;24;1
BB23;2023-09-02;2024-05-06;15;2;24;1
BB23;2023-09-02;2024-05-06;15;2;24;1
BB23;2023-09-02;2024-05-06;15;3;24;1
BB23;2023-09-02;2024-05-06;15;3;24;1
BB23;2023-09-02;2024-05-06;15;3;24;1
BB23;2023-09-02;2024-05-06;15;3;24;1
BB23;2023-09-02;2024-05-06;15;3;24;1
BB23;2023-09-02;2024-05-06;0.1;1;48;0
BB23;2023-09-02;2024-05-06;0.1;1;48;0
BB23;2023-09-02;2024-05-06;0.1;1;48;0
BB23;2023-09-02;2024-05-06;0.1;1;48;0
BB23;2023-09-02;2024-05-06;0.1;1;48;0
BB23;2023-09-02;2024-05-06;0.1;2;48;0
BB23;2023-09-02;2024-05-06;0.1;2;48;0
BB23;2023-09-02;2024-05-06;0.1;2;48;0
BB23;2023-09-02;2024-05-06;0.1;2;48;0
BB23;2023-09-02;2024-05-06;0.1;2;48;0
BB23;2023-09-02;2024-05-06;0.1;3;48;0
BB23;2023-09-02;2024-05-06;0.1;3;48;0
BB23;2023-09-02;2024-05-06;0.1;3;48;0
BB23;2023-09-02;2024-05-06;0.1;3;48;0
BB23;2023-09-02;2024-05-06;0.1;3;48;0
BB23;2023-09-02;2024-05-06;1;1;48;0
BB23;2023-09-02;2024-05-06;1;1;48;0
BB23;2023-09-02;2024-05-06;1;1;48;0
BB23;2023-09-02;2024-05-06;1;1;48;0
BB23;2023-09-02;2024-05-06;1;1;48;0
BB23;2023-09-02;2024-05-06;1;2;48;0
BB23;2023-09-02;2024-05-06;1;2;48;0
BB23;2023-09-02;2024-05-06;1;2;48;0
BB23;2023-09-02;2024-05-06;1;2;48;0
BB23;2023-09-02;2024-05-06;1;2;48;0
BB23;2023-09-02;2024-05-06;1;3;48;0
BB23;2023-09-02;2024-05-06;1;3;48;0
BB23;2023-09-02;2024-05-06;1;3;48;0
BB23;2023-09-02;2024-05-06;1;3;48;0
BB23;2023-09-02;2024-05-06;1;3;48;0
BB23;2023-09-02;2024-05-06;2;1;48;0
BB23;2023-09-02;2024-05-06;2;1;48;0
BB23;2023-09-02;2024-05-06;2;1;48;0
BB23;2023-09-02;2024-05-06;2;1;48;0
BB23;2023-09-02;2024-05-06;2;1;48;0
BB23;2023-09-02;2024-05-06;2;2;48;0
BB23;2023-09-02;2024-05-06;2;2;48;0
BB23;2023-09-02;2024-05-06;2;2;48;0
BB23;2023-09-02;2024-05-06;2;2;48;0
BB23;2023-09-02;2024-05-06;2;2;48;0
BB23;2023-09-02;2024-05-06;2;3;48;0
BB23;2023-09-02;2024-05-06;2;3;48;1
BB23;2023-09-02;2024-05-06;2;3;48;0
BB23;2023-09-02;2024-05-06;2;3;48;0
BB23;2023-09-02;2024-05-06;2;3;48;0
BB23;2023-09-02;2024-05-06;3;1;48;1
BB23;2023-09-02;2024-05-06;3;1;48;1
BB23;2023-09-02;2024-05-06;3;1;48;1
BB23;2023-09-02;2024-05-06;3;1;48;1
BB23;2023-09-02;2024-05-06;3;1;48;0
BB23;2023-09-02;2024-05-06;3;2;48;1
BB23;2023-09-02;2024-05-06;3;2;48;1
BB23;2023-09-02;2024-05-06;3;2;48;1
BB23;2023-09-02;2024-05-06;3;2;48;0
BB23;2023-09-02;2024-05-06;3;2;48;0
BB23;2023-09-02;2024-05-06;3;3;48;1
BB23;2023-09-02;2024-05-06;3;3;48;1
BB23;2023-09-02;2024-05-06;3;3;48;1
BB23;2023-09-02;2024-05-06;3;3;48;1
BB23;2023-09-02;2024-05-06;3;3;48;1
BB23;2023-09-02;2024-05-06;5;1;48;1
BB23;2023-09-02;2024-05-06;5;1;48;1
BB23;2023-09-02;2024-05-06;5;1;48;1
BB23;2023-09-02;2024-05-06;5;1;48;1
BB23;2023-09-02;2024-05-06;5;1;48;0
BB23;2023-09-02;2024-05-06;5;2;48;1
BB23;2023-09-02;2024-05-06;5;2;48;1
BB23;2023-09-02;2024-05-06;5;2;48;1
BB23;2023-09-02;2024-05-06;5;2;48;1
BB23;2023-09-02;2024-05-06;5;2;48;0
BB23;2023-09-02;2024-05-06;5;3;48;1
BB23;2023-09-02;2024-05-06;5;3;48;1
BB23;2023-09-02;2024-05-06;5;3;48;1
BB23;2023-09-02;2024-05-06;5;3;48;1
BB23;2023-09-02;2024-05-06;5;3;48;1
BB23;2023-09-02;2024-05-06;15;1;48;1
BB23;2023-09-02;2024-05-06;15;1;48;1
BB23;2023-09-02;2024-05-06;15;1;48;1
BB23;2023-09-02;2024-05-06;15;1;48;1
BB23;2023-09-02;2024-05-06;15;2;48;1
BB23;2023-09-02;2024-05-06;15;2;48;1
BB23;2023-09-02;2024-05-06;15;2;48;1
BB23;2023-09-02;2024-05-06;15;2;48;1
BB23;2023-09-02;2024-05-06;15;3;48;1
BB23;2023-09-02;2024-05-06;15;3;48;1
BB23;2023-09-02;2024-05-06;15;3;48;1
BB23;2023-09-02;2024-05-06;15;3;48;1
BB23;2023-09-02;2024-05-06;15;3;48;0
BB23;2023-09-02;2024-05-06;0.1;1;72;0
BB23;2023-09-02;2024-05-06;0.1;1;72;0
BB23;2023-09-02;2024-05-06;0.1;1;72;0
BB23;2023-09-02;2024-05-06;0.1;1;72;0
BB23;2023-09-02;2024-05-06;0.1;1;72;0
BB23;2023-09-02;2024-05-06;0.1;2;72;0
BB23;2023-09-02;2024-05-06;0.1;2;72;0
BB23;2023-09-02;2024-05-06;0.1;2;72;0
BB23;2023-09-02;2024-05-06;0.1;2;72;0
BB23;2023-09-02;2024-05-06;0.1;2;72;0
BB23;2023-09-02;2024-05-06;0.1;3;72;0
BB23;2023-09-02;2024-05-06;0.1;3;72;0
BB23;2023-09-02;2024-05-06;0.1;3;72;0
BB23;2023-09-02;2024-05-06;0.1;3;72;0
BB23;2023-09-02;2024-05-06;0.1;3;72;0
BB23;2023-09-02;2024-05-06;1;1;72;0
BB23;2023-09-02;2024-05-06;1;1;72;0
BB23;2023-09-02;2024-05-06;1;1;72;0
BB23;2023-09-02;2024-05-06;1;1;72;0
BB23;2023-09-02;2024-05-06;1;1;72;0
BB23;2023-09-02;2024-05-06;1;2;72;0
BB23;2023-09-02;2024-05-06;1;2;72;0
BB23;2023-09-02;2024-05-06;1;2;72;0
BB23;2023-09-02;2024-05-06;1;2;72;0
BB23;2023-09-02;2024-05-06;1;2;72;0
BB23;2023-09-02;2024-05-06;1;3;72;0
BB23;2023-09-02;2024-05-06;1;3;72;0
BB23;2023-09-02;2024-05-06;1;3;72;0
BB23;2023-09-02;2024-05-06;1;3;72;0
BB23;2023-09-02;2024-05-06;1;3;72;0
BB23;2023-09-02;2024-05-06;2;1;72;0
BB23;2023-09-02;2024-05-06;2;1;72;0
BB23;2023-09-02;2024-05-06;2;1;72;0
BB23;2023-09-02;2024-05-06;2;1;72;0
BB23;2023-09-02;2024-05-06;2;1;72;0
BB23;2023-09-02;2024-05-06;2;2;72;0
BB23;2023-09-02;2024-05-06;2;2;72;0
BB23;2023-09-02;2024-05-06;2;2;72;0
BB23;2023-09-02;2024-05-06;2;2;72;0
BB23;2023-09-02;2024-05-06;2;2;72;0
BB23;2023-09-02;2024-05-06;2;3;72;0
BB23;2023-09-02;2024-05-06;2;3;72;0
BB23;2023-09-02;2024-05-06;2;3;72;0
BB23;2023-09-02;2024-05-06;2;3;72;0
BB23;2023-09-02;2024-05-06;2;3;72;0
BB23;2023-09-02;2024-05-06;3;1;72;1
BB23;2023-09-02;2024-05-06;3;1;72;1
BB23;2023-09-02;2024-05-06;3;1;72;1
BB23;2023-09-02;2024-05-06;3;1;72;0
BB23;2023-09-02;2024-05-06;3;1;72;0
BB23;2023-09-02;2024-05-06;3;2;72;1
BB23;2023-09-02;2024-05-06;3;2;72;1
BB23;2023-09-02;2024-05-06;3;2;72;0
BB23;2023-09-02;2024-05-06;3;2;72;0
BB23;2023-09-02;2024-05-06;3;2;72;0
BB23;2023-09-02;2024-05-06;3;3;72;1
BB23;2023-09-02;2024-05-06;3;3;72;1
BB23;2023-09-02;2024-05-06;3;3;72;1
BB23;2023-09-02;2024-05-06;3;3;72;1
BB23;2023-09-02;2024-05-06;3;3;72;1
BB23;2023-09-02;2024-05-06;5;1;72;1
BB23;2023-09-02;2024-05-06;5;1;72;1
BB23;2023-09-02;2024-05-06;5;1;72;1
BB23;2023-09-02;2024-05-06;5;1;72;1
BB23;2023-09-02;2024-05-06;5;1;72;0
BB23;2023-09-02;2024-05-06;5;2;72;1
BB23;2023-09-02;2024-05-06;5;2;72;1
BB23;2023-09-02;2024-05-06;5;2;72;1
BB23;2023-09-02;2024-05-06;5;2;72;0
BB23;2023-09-02;2024-05-06;5;2;72;0
BB23;2023-09-02;2024-05-06;5;3;72;1
BB23;2023-09-02;2024-05-06;5;3;72;1
BB23;2023-09-02;2024-05-06;5;3;72;1
BB23;2023-09-02;2024-05-06;5;3;72;1
BB23;2023-09-02;2024-05-06;5;3;72;1
BB23;2023-09-02;2024-05-06;15;1;72;1
BB23;2023-09-02;2024-05-06;15;1;72;1
BB23;2023-09-02;2024-05-06;15;1;72;1
BB23;2023-09-02;2024-05-06;15;1;72;1
BB23;2023-09-02;2024-05-06;15;2;72;1
BB23;2023-09-02;2024-05-06;15;2;72;1
BB23;2023-09-02;2024-05-06;15;2;72;1
BB23;2023-09-02;2024-05-06;15;2;72;1
BB23;2023-09-02;2024-05-06;15;3;72;1
BB23;2023-09-02;2024-05-06;15;3;72;1
BB23;2023-09-02;2024-05-06;15;3;72;1
BB23;2023-09-02;2024-05-06;15;3;72;1
BB23;2023-09-02;2024-05-06;15;3;72;0
IU7;2023-08-09;2024-08-15;0.1;1;2;1
IU7;2023-08-09;2024-08-15;0.1;1;2;1
IU7;2023-08-09;2024-08-15;0.1;1;2;1
IU7;2023-08-09;2024-08-15;0.1;1;2;0
IU7;2023-08-09;2024-08-15;0.1;1;2;0
IU7;2023-08-09;2024-08-15;0.1;2;2;1
IU7;2023-08-09;2024-08-15;0.1;2;2;1
IU7;2023-08-09;2024-08-15;0.1;2;2;1
IU7;2023-08-09;2024-08-15;0.1;2;2;1
IU7;2023-08-09;2024-08-15;0.1;2;2;0
IU7;2023-08-09;2024-08-15;0.1;3;2;1
IU7;2023-08-09;2024-08-15;0.1;3;2;1
IU7;2023-08-09;2024-08-15;0.1;3;2;1
IU7;2023-08-09;2024-08-15;0.1;3;2;1
IU7;2023-08-09;2024-08-15;0.1;3;2;0
IU7;2023-08-09;2024-08-15;1;1;2;1
IU7;2023-08-09;2024-08-15;1;1;2;1
IU7;2023-08-09;2024-08-15;1;1;2;1
IU7;2023-08-09;2024-08-15;1;1;2;1
IU7;2023-08-09;2024-08-15;1;1;2;1
IU7;2023-08-09;2024-08-15;1;2;2;1
IU7;2023-08-09;2024-08-15;1;2;2;1
IU7;2023-08-09;2024-08-15;1;2;2;1
IU7;2023-08-09;2024-08-15;1;2;2;1
IU7;2023-08-09;2024-08-15;1;2;2;1
IU7;2023-08-09;2024-08-15;1;3;2;1
IU7;2023-08-09;2024-08-15;1;3;2;1
IU7;2023-08-09;2024-08-15;1;3;2;1
IU7;2023-08-09;2024-08-15;1;3;2;1
IU7;2023-08-09;2024-08-15;1;3;2;0
IU7;2023-08-09;2024-08-15;2;1;2;1
IU7;2023-08-09;2024-08-15;2;1;2;1
IU7;2023-08-09;2024-08-15;2;1;2;1
IU7;2023-08-09;2024-08-15;2;1;2;1
IU7;2023-08-09;2024-08-15;2;1;2;1
IU7;2023-08-09;2024-08-15;2;2;2;1
IU7;2023-08-09;2024-08-15;2;2;2;1
IU7;2023-08-09;2024-08-15;2;2;2;1
IU7;2023-08-09;2024-08-15;2;2;2;1
IU7;2023-08-09;2024-08-15;2;2;2;1
IU7;2023-08-09;2024-08-15;2;3;2;1
IU7;2023-08-09;2024-08-15;2;3;2;1
IU7;2023-08-09;2024-08-15;2;3;2;1
IU7;2023-08-09;2024-08-15;2;3;2;1
IU7;2023-08-09;2024-08-15;2;3;2;1
IU7;2023-08-09;2024-08-15;3;1;2;1
IU7;2023-08-09;2024-08-15;3;1;2;1
IU7;2023-08-09;2024-08-15;3;1;2;1
IU7;2023-08-09;2024-08-15;3;1;2;1
IU7;2023-08-09;2024-08-15;3;2;2;1
IU7;2023-08-09;2024-08-15;3;2;2;1
IU7;2023-08-09;2024-08-15;3;2;2;1
IU7;2023-08-09;2024-08-15;3;2;2;1
IU7;2023-08-09;2024-08-15;3;2;2;1
IU7;2023-08-09;2024-08-15;3;3;2;1
IU7;2023-08-09;2024-08-15;3;3;2;1
IU7;2023-08-09;2024-08-15;3;3;2;1
IU7;2023-08-09;2024-08-15;3;3;2;1
IU7;2023-08-09;2024-08-15;3;3;2;1
IU7;2023-08-09;2024-08-15;5;1;2;1
IU7;2023-08-09;2024-08-15;5;1;2;1
IU7;2023-08-09;2024-08-15;5;1;2;1
IU7;2023-08-09;2024-08-15;5;1;2;1
IU7;2023-08-09;2024-08-15;5;1;2;1
IU7;2023-08-09;2024-08-15;5;2;2;1
IU7;2023-08-09;2024-08-15;5;2;2;1
IU7;2023-08-09;2024-08-15;5;2;2;1
IU7;2023-08-09;2024-08-15;5;2;2;1
IU7;2023-08-09;2024-08-15;5;2;2;1
IU7;2023-08-09;2024-08-15;5;3;2;1
IU7;2023-08-09;2024-08-15;5;3;2;1
IU7;2023-08-09;2024-08-15;5;3;2;1
IU7;2023-08-09;2024-08-15;5;3;2;1
IU7;2023-08-09;2024-08-15;5;3;2;1
IU7;2023-08-09;2024-08-15;15;1;2;1
IU7;2023-08-09;2024-08-15;15;1;2;1
IU7;2023-08-09;2024-08-15;15;1;2;1
IU7;2023-08-09;2024-08-15;15;1;2;1
IU7;2023-08-09;2024-08-15;15;1;2;1
IU7;2023-08-09;2024-08-15;15;2;2;1
IU7;2023-08-09;2024-08-15;15;2;2;1
IU7;2023-08-09;2024-08-15;15;2;2;1
IU7;2023-08-09;2024-08-15;15;2;2;1
IU7;2023-08-09;2024-08-15;15;2;2;1
IU7;2023-08-09;2024-08-15;15;3;2;1
IU7;2023-08-09;2024-08-15;15;3;2;1
IU7;2023-08-09;2024-08-15;15;3;2;1
IU7;2023-08-09;2024-08-15;15;3;2;1
IU7;2023-08-09;2024-08-15;15;3;2;1
IU7;2023-08-09;2024-08-15;0.1;1;24;0
IU7;2023-08-09;2024-08-15;0.1;1;24;0
IU7;2023-08-09;2024-08-15;0.1;1;24;0
IU7;2023-08-09;2024-08-15;0.1;1;24;0
IU7;2023-08-09;2024-08-15;0.1;1;24;0
IU7;2023-08-09;2024-08-15;0.1;2;24;1
IU7;2023-08-09;2024-08-15;0.1;2;24;1
IU7;2023-08-09;2024-08-15;0.1;2;24;0
IU7;2023-08-09;2024-08-15;0.1;2;24;0
IU7;2023-08-09;2024-08-15;0.1;2;24;0
IU7;2023-08-09;2024-08-15;0.1;3;24;1
IU7;2023-08-09;2024-08-15;0.1;3;24;0
IU7;2023-08-09;2024-08-15;0.1;3;24;0
IU7;2023-08-09;2024-08-15;0.1;3;24;0
IU7;2023-08-09;2024-08-15;0.1;3;24;0
IU7;2023-08-09;2024-08-15;1;1;24;1
IU7;2023-08-09;2024-08-15;1;1;24;0
IU7;2023-08-09;2024-08-15;1;1;24;0
IU7;2023-08-09;2024-08-15;1;1;24;0
IU7;2023-08-09;2024-08-15;1;1;24;0
IU7;2023-08-09;2024-08-15;1;2;24;1
IU7;2023-08-09;2024-08-15;1;2;24;1
IU7;2023-08-09;2024-08-15;1;2;24;0
IU7;2023-08-09;2024-08-15;1;2;24;0
IU7;2023-08-09;2024-08-15;1;2;24;0
IU7;2023-08-09;2024-08-15;1;3;24;0
IU7;2023-08-09;2024-08-15;1;3;24;0
IU7;2023-08-09;2024-08-15;1;3;24;0
IU7;2023-08-09;2024-08-15;1;3;24;0
IU7;2023-08-09;2024-08-15;1;3;24;0
IU7;2023-08-09;2024-08-15;2;1;24;1
IU7;2023-08-09;2024-08-15;2;1;24;1
IU7;2023-08-09;2024-08-15;2;1;24;1
IU7;2023-08-09;2024-08-15;2;1;24;1
IU7;2023-08-09;2024-08-15;2;1;24;0
IU7;2023-08-09;2024-08-15;2;2;24;1
IU7;2023-08-09;2024-08-15;2;2;24;1
IU7;2023-08-09;2024-08-15;2;2;24;1
IU7;2023-08-09;2024-08-15;2;2;24;0
IU7;2023-08-09;2024-08-15;2;2;24;0
IU7;2023-08-09;2024-08-15;2;3;24;1
IU7;2023-08-09;2024-08-15;2;3;24;1
IU7;2023-08-09;2024-08-15;2;3;24;0
IU7;2023-08-09;2024-08-15;2;3;24;0
IU7;2023-08-09;2024-08-15;2;3;24;0
IU7;2023-08-09;2024-08-15;3;1;24;1
IU7;2023-08-09;2024-08-15;3;1;24;1
IU7;2023-08-09;2024-08-15;3;1;24;1
IU7;2023-08-09;2024-08-15;3;1;24;1
IU7;2023-08-09;2024-08-15;3;2;24;1
IU7;2023-08-09;2024-08-15;3;2;24;1
IU7;2023-08-09;2024-08-15;3;2;24;1
IU7;2023-08-09;2024-08-15;3;2;24;1
IU7;2023-08-09;2024-08-15;3;2;24;0
IU7;2023-08-09;2024-08-15;3;3;24;1
IU7;2023-08-09;2024-08-15;3;3;24;1
IU7;2023-08-09;2024-08-15;3;3;24;1
IU7;2023-08-09;2024-08-15;3;3;24;1
IU7;2023-08-09;2024-08-15;3;3;24;1
IU7;2023-08-09;2024-08-15;5;1;24;1
IU7;2023-08-09;2024-08-15;5;1;24;1
IU7;2023-08-09;2024-08-15;5;1;24;1
IU7;2023-08-09;2024-08-15;5;1;24;1
IU7;2023-08-09;2024-08-15;5;1;24;1
IU7;2023-08-09;2024-08-15;5;2;24;1
IU7;2023-08-09;2024-08-15;5;2;24;1
IU7;2023-08-09;2024-08-15;5;2;24;1
IU7;2023-08-09;2024-08-15;5;2;24;1
IU7;2023-08-09;2024-08-15;5;2;24;1
IU7;2023-08-09;2024-08-15;5;3;24;1
IU7;2023-08-09;2024-08-15;5;3;24;1
IU7;2023-08-09;2024-08-15;5;3;24;1
IU7;2023-08-09;2024-08-15;5;3;24;1
IU7;2023-08-09;2024-08-15;5;3;24;1
IU7;2023-08-09;2024-08-15;15;1;24;1
IU7;2023-08-09;2024-08-15;15;1;24;1
IU7;2023-08-09;2024-08-15;15;1;24;1
IU7;2023-08-09;2024-08-15;15;1;24;1
IU7;2023-08-09;2024-08-15;15;1;24;1
IU7;2023-08-09;2024-08-15;15;2;24;1
IU7;2023-08-09;2024-08-15;15;2;24;1
IU7;2023-08-09;2024-08-15;15;2;24;1
IU7;2023-08-09;2024-08-15;15;2;24;1
IU7;2023-08-09;2024-08-15;15;2;24;1
IU7;2023-08-09;2024-08-15;15;3;24;1
IU7;2023-08-09;2024-08-15;15;3;24;1
IU7;2023-08-09;2024-08-15;15;3;24;1
IU7;2023-08-09;2024-08-15;15;3;24;1
IU7;2023-08-09;2024-08-15;15;3;24;1
IU7;2023-08-09;2024-08-15;0.1;1;48;0
IU7;2023-08-09;2024-08-15;0.1;1;48;0
IU7;2023-08-09;2024-08-15;0.1;1;48;0
IU7;2023-08-09;2024-08-15;0.1;1;48;0
IU7;2023-08-09;2024-08-15;0.1;1;48;0
IU7;2023-08-09;2024-08-15;0.1;2;48;0
IU7;2023-08-09;2024-08-15;0.1;2;48;0
IU7;2023-08-09;2024-08-15;0.1;2;48;0
IU7;2023-08-09;2024-08-15;0.1;2;48;0
IU7;2023-08-09;2024-08-15;0.1;2;48;0
IU7;2023-08-09;2024-08-15;0.1;3;48;0
IU7;2023-08-09;2024-08-15;0.1;3;48;0
IU7;2023-08-09;2024-08-15;0.1;3;48;0
IU7;2023-08-09;2024-08-15;0.1;3;48;0
IU7;2023-08-09;2024-08-15;0.1;3;48;0
IU7;2023-08-09;2024-08-15;1;1;48;0
IU7;2023-08-09;2024-08-15;1;1;48;0
IU7;2023-08-09;2024-08-15;1;1;48;0
IU7;2023-08-09;2024-08-15;1;1;48;0
IU7;2023-08-09;2024-08-15;1;1;48;0
IU7;2023-08-09;2024-08-15;1;2;48;1
IU7;2023-08-09;2024-08-15;1;2;48;0
IU7;2023-08-09;2024-08-15;1;2;48;0
IU7;2023-08-09;2024-08-15;1;2;48;0
IU7;2023-08-09;2024-08-15;1;2;48;0
IU7;2023-08-09;2024-08-15;1;3;48;0
IU7;2023-08-09;2024-08-15;1;3;48;0
IU7;2023-08-09;2024-08-15;1;3;48;0
IU7;2023-08-09;2024-08-15;1;3;48;0
IU7;2023-08-09;2024-08-15;1;3;48;0
IU7;2023-08-09;2024-08-15;2;1;48;1
IU7;2023-08-09;2024-08-15;2;1;48;1
IU7;2023-08-09;2024-08-15;2;1;48;0
IU7;2023-08-09;2024-08-15;2;1;48;0
IU7;2023-08-09;2024-08-15;2;1;48;0
IU7;2023-08-09;2024-08-15;2;2;48;1
IU7;2023-08-09;2024-08-15;2;2;48;1
IU7;2023-08-09;2024-08-15;2;2;48;0
IU7;2023-08-09;2024-08-15;2;2;48;0
IU7;2023-08-09;2024-08-15;2;2;48;0
IU7;2023-08-09;2024-08-15;2;3;48;0
IU7;2023-08-09;2024-08-15;2;3;48;0
IU7;2023-08-09;2024-08-15;2;3;48;0
IU7;2023-08-09;2024-08-15;2;3;48;0
IU7;2023-08-09;2024-08-15;2;3;48;0
IU7;2023-08-09;2024-08-15;3;1;48;1
IU7;2023-08-09;2024-08-15;3;1;48;0
IU7;2023-08-09;2024-08-15;3;1;48;0
IU7;2023-08-09;2024-08-15;3;1;48;0
IU7;2023-08-09;2024-08-15;3;2;48;1
IU7;2023-08-09;2024-08-15;3;2;48;0
IU7;2023-08-09;2024-08-15;3;2;48;0
IU7;2023-08-09;2024-08-15;3;2;48;0
IU7;2023-08-09;2024-08-15;3;2;48;0
IU7;2023-08-09;2024-08-15;3;3;48;1
IU7;2023-08-09;2024-08-15;3;3;48;1
IU7;2023-08-09;2024-08-15;3;3;48;1
IU7;2023-08-09;2024-08-15;3;3;48;0
IU7;2023-08-09;2024-08-15;3;3;48;0
IU7;2023-08-09;2024-08-15;5;1;48;1
IU7;2023-08-09;2024-08-15;5;1;48;1
IU7;2023-08-09;2024-08-15;5;1;48;1
IU7;2023-08-09;2024-08-15;5;1;48;1
IU7;2023-08-09;2024-08-15;5;1;48;1
IU7;2023-08-09;2024-08-15;5;2;48;1
IU7;2023-08-09;2024-08-15;5;2;48;1
IU7;2023-08-09;2024-08-15;5;2;48;1
IU7;2023-08-09;2024-08-15;5;2;48;1
IU7;2023-08-09;2024-08-15;5;2;48;0
IU7;2023-08-09;2024-08-15;5;3;48;1
IU7;2023-08-09;2024-08-15;5;3;48;1
IU7;2023-08-09;2024-08-15;5;3;48;1
IU7;2023-08-09;2024-08-15;5;3;48;1
IU7;2023-08-09;2024-08-15;5;3;48;1
IU7;2023-08-09;2024-08-15;15;1;48;1
IU7;2023-08-09;2024-08-15;15;1;48;1
IU7;2023-08-09;2024-08-15;15;1;48;1
IU7;2023-08-09;2024-08-15;15;1;48;1
IU7;2023-08-09;2024-08-15;15;1;48;1
IU7;2023-08-09;2024-08-15;15;2;48;1
IU7;2023-08-09;2024-08-15;15;2;48;1
IU7;2023-08-09;2024-08-15;15;2;48;1
IU7;2023-08-09;2024-08-15;15;2;48;1
IU7;2023-08-09;2024-08-15;15;2;48;0
IU7;2023-08-09;2024-08-15;15;3;48;1
IU7;2023-08-09;2024-08-15;15;3;48;1
IU7;2023-08-09;2024-08-15;15;3;48;1
IU7;2023-08-09;2024-08-15;15;3;48;1
IU7;2023-08-09;2024-08-15;15;3;48;1
IU7;2023-08-09;2024-08-15;0.1;1;72;0
IU7;2023-08-09;2024-08-15;0.1;1;72;0
IU7;2023-08-09;2024-08-15;0.1;1;72;0
IU7;2023-08-09;2024-08-15;0.1;1;72;0
IU7;2023-08-09;2024-08-15;0.1;1;72;0
IU7;2023-08-09;2024-08-15;0.1;2;72;0
IU7;2023-08-09;2024-08-15;0.1;2;72;0
IU7;2023-08-09;2024-08-15;0.1;2;72;0
IU7;2023-08-09;2024-08-15;0.1;2;72;0
IU7;2023-08-09;2024-08-15;0.1;2;72;0
IU7;2023-08-09;2024-08-15;0.1;3;72;0
IU7;2023-08-09;2024-08-15;0.1;3;72;0
IU7;2023-08-09;2024-08-15;0.1;3;72;0
IU7;2023-08-09;2024-08-15;0.1;3;72;0
IU7;2023-08-09;2024-08-15;0.1;3;72;0
IU7;2023-08-09;2024-08-15;1;1;72;0
IU7;2023-08-09;2024-08-15;1;1;72;0
IU7;2023-08-09;2024-08-15;1;1;72;0
IU7;2023-08-09;2024-08-15;1;1;72;0
IU7;2023-08-09;2024-08-15;1;1;72;0
IU7;2023-08-09;2024-08-15;1;2;72;0
IU7;2023-08-09;2024-08-15;1;2;72;0
IU7;2023-08-09;2024-08-15;1;2;72;0
IU7;2023-08-09;2024-08-15;1;2;72;0
IU7;2023-08-09;2024-08-15;1;2;72;0
IU7;2023-08-09;2024-08-15;1;3;72;0
IU7;2023-08-09;2024-08-15;1;3;72;0
IU7;2023-08-09;2024-08-15;1;3;72;0
IU7;2023-08-09;2024-08-15;1;3;72;0
IU7;2023-08-09;2024-08-15;1;3;72;0
IU7;2023-08-09;2024-08-15;2;1;72;1
IU7;2023-08-09;2024-08-15;2;1;72;0
IU7;2023-08-09;2024-08-15;2;1;72;0
IU7;2023-08-09;2024-08-15;2;1;72;0
IU7;2023-08-09;2024-08-15;2;1;72;0
IU7;2023-08-09;2024-08-15;2;2;72;0
IU7;2023-08-09;2024-08-15;2;2;72;0
IU7;2023-08-09;2024-08-15;2;2;72;0
IU7;2023-08-09;2024-08-15;2;2;72;0
IU7;2023-08-09;2024-08-15;2;2;72;0
IU7;2023-08-09;2024-08-15;2;3;72;0
IU7;2023-08-09;2024-08-15;2;3;72;0
IU7;2023-08-09;2024-08-15;2;3;72;0
IU7;2023-08-09;2024-08-15;2;3;72;0
IU7;2023-08-09;2024-08-15;2;3;72;0
IU7;2023-08-09;2024-08-15;3;1;72;1
IU7;2023-08-09;2024-08-15;3;1;72;0
IU7;2023-08-09;2024-08-15;3;1;72;0
IU7;2023-08-09;2024-08-15;3;1;72;0
IU7;2023-08-09;2024-08-15;3;2;72;1
IU7;2023-08-09;2024-08-15;3;2;72;0
IU7;2023-08-09;2024-08-15;3;2;72;0
IU7;2023-08-09;2024-08-15;3;2;72;0
IU7;2023-08-09;2024-08-15;3;2;72;0
IU7;2023-08-09;2024-08-15;3;3;72;1
IU7;2023-08-09;2024-08-15;3;3;72;1
IU7;2023-08-09;2024-08-15;3;3;72;0
IU7;2023-08-09;2024-08-15;3;3;72;0
IU7;2023-08-09;2024-08-15;3;3;72;0
IU7;2023-08-09;2024-08-15;5;1;72;1
IU7;2023-08-09;2024-08-15;5;1;72;1
IU7;2023-08-09;2024-08-15;5;1;72;1
IU7;2023-08-09;2024-08-15;5;1;72;1
IU7;2023-08-09;2024-08-15;5;1;72;1
IU7;2023-08-09;2024-08-15;5;2;72;1
IU7;2023-08-09;2024-08-15;5;2;72;1
IU7;2023-08-09;2024-08-15;5;2;72;1
IU7;2023-08-09;2024-08-15;5;2;72;0
IU7;2023-08-09;2024-08-15;5;2;72;0
IU7;2023-08-09;2024-08-15;5;3;72;1
IU7;2023-08-09;2024-08-15;5;3;72;1
IU7;2023-08-09;2024-08-15;5;3;72;1
IU7;2023-08-09;2024-08-15;5;3;72;1
IU7;2023-08-09;2024-08-15;5;3;72;1
IU7;2023-08-09;2024-08-15;15;1;72;1
IU7;2023-08-09;2024-08-15;15;1;72;1
IU7;2023-08-09;2024-08-15;15;1;72;1
IU7;2023-08-09;2024-08-15;15;1;72;1
IU7;2023-08-09;2024-08-15;15;1;72;1
IU7;2023-08-09;2024-08-15;15;2;72;1
IU7;2023-08-09;2024-08-15;15;2;72;1
IU7;2023-08-09;2024-08-15;15;2;72;1
IU7;2023-08-09;2024-08-15;15;2;72;1
IU7;2023-08-09;2024-08-15;15;2;72;0
IU7;2023-08-09;2024-08-15;15;3;72;1
IU7;2023-08-09;2024-08-15;15;3;72;1
IU7;2023-08-09;2024-08-15;15;3;72;1
IU7;2023-08-09;2024-08-15;15;3;72;1
IU7;2023-08-09;2024-08-15;15;3;72;1
H21;2023-09-01;2024-09-02;0.1;1;2;1
H21;2023-09-01;2024-09-02;0.1;1;2;1
H21;2023-09-01;2024-09-02;0.1;1;2;1
H21;2023-09-01;2024-09-02;0.1;1;2;1
H21;2023-09-01;2024-09-02;0.1;1;2;1
H21;2023-09-01;2024-09-02;0.1;2;2;1
H21;2023-09-01;2024-09-02;0.1;2;2;0
H21;2023-09-01;2024-09-02;0.1;2;2;0
H21;2023-09-01;2024-09-02;0.1;2;2;0
H21;2023-09-01;2024-09-02;0.1;2;2;0
H21;2023-09-01;2024-09-02;0.1;3;2;1
H21;2023-09-01;2024-09-02;0.1;3;2;1
H21;2023-09-01;2024-09-02;0.1;3;2;1
H21;2023-09-01;2024-09-02;0.1;3;2;1
H21;2023-09-01;2024-09-02;0.1;3;2;0
H21;2023-09-01;2024-09-02;1;1;2;1
H21;2023-09-01;2024-09-02;1;1;2;1
H21;2023-09-01;2024-09-02;1;1;2;1
H21;2023-09-01;2024-09-02;1;1;2;1
H21;2023-09-01;2024-09-02;1;1;2;1
H21;2023-09-01;2024-09-02;1;2;2;1
H21;2023-09-01;2024-09-02;1;2;2;1
H21;2023-09-01;2024-09-02;1;2;2;1
H21;2023-09-01;2024-09-02;1;2;2;1
H21;2023-09-01;2024-09-02;1;2;2;1
H21;2023-09-01;2024-09-02;1;3;2;1
H21;2023-09-01;2024-09-02;1;3;2;1
H21;2023-09-01;2024-09-02;1;3;2;1
H21;2023-09-01;2024-09-02;1;3;2;1
H21;2023-09-01;2024-09-02;1;3;2;1
H21;2023-09-01;2024-09-02;2;1;2;1
H21;2023-09-01;2024-09-02;2;1;2;1
H21;2023-09-01;2024-09-02;2;1;2;1
H21;2023-09-01;2024-09-02;2;1;2;1
H21;2023-09-01;2024-09-02;2;1;2;1
H21;2023-09-01;2024-09-02;2;2;2;1
H21;2023-09-01;2024-09-02;2;2;2;1
H21;2023-09-01;2024-09-02;2;2;2;1
H21;2023-09-01;2024-09-02;2;2;2;1
H21;2023-09-01;2024-09-02;2;2;2;1
H21;2023-09-01;2024-09-02;2;3;2;1
H21;2023-09-01;2024-09-02;2;3;2;1
H21;2023-09-01;2024-09-02;2;3;2;1
H21;2023-09-01;2024-09-02;2;3;2;1
H21;2023-09-01;2024-09-02;2;3;2;1
H21;2023-09-01;2024-09-02;3;1;2;1
H21;2023-09-01;2024-09-02;3;1;2;1
H21;2023-09-01;2024-09-02;3;1;2;1
H21;2023-09-01;2024-09-02;3;1;2;1
H21;2023-09-01;2024-09-02;3;2;2;1
H21;2023-09-01;2024-09-02;3;2;2;1
H21;2023-09-01;2024-09-02;3;2;2;1
H21;2023-09-01;2024-09-02;3;2;2;1
H21;2023-09-01;2024-09-02;3;2;2;1
H21;2023-09-01;2024-09-02;3;3;2;1
H21;2023-09-01;2024-09-02;3;3;2;1
H21;2023-09-01;2024-09-02;3;3;2;1
H21;2023-09-01;2024-09-02;3;3;2;1
H21;2023-09-01;2024-09-02;3;3;2;1
H21;2023-09-01;2024-09-02;5;1;2;1
H21;2023-09-01;2024-09-02;5;1;2;1
H21;2023-09-01;2024-09-02;5;1;2;1
H21;2023-09-01;2024-09-02;5;1;2;1
H21;2023-09-01;2024-09-02;5;1;2;1
H21;2023-09-01;2024-09-02;5;2;2;1
H21;2023-09-01;2024-09-02;5;2;2;1
H21;2023-09-01;2024-09-02;5;2;2;1
H21;2023-09-01;2024-09-02;5;2;2;1
H21;2023-09-01;2024-09-02;5;2;2;1
H21;2023-09-01;2024-09-02;5;3;2;1
H21;2023-09-01;2024-09-02;5;3;2;1
H21;2023-09-01;2024-09-02;5;3;2;1
H21;2023-09-01;2024-09-02;5;3;2;1
H21;2023-09-01;2024-09-02;5;3;2;1
H21;2023-09-01;2024-09-02;15;1;2;1
H21;2023-09-01;2024-09-02;15;1;2;1
H21;2023-09-01;2024-09-02;15;1;2;1
H21;2023-09-01;2024-09-02;15;1;2;1
H21;2023-09-01;2024-09-02;15;1;2;1
H21;2023-09-01;2024-09-02;15;2;2;1
H21;2023-09-01;2024-09-02;15;2;2;1
H21;2023-09-01;2024-09-02;15;2;2;1
H21;2023-09-01;2024-09-02;15;2;2;1
H21;2023-09-01;2024-09-02;15;2;2;1
H21;2023-09-01;2024-09-02;15;3;2;1
H21;2023-09-01;2024-09-02;15;3;2;1
H21;2023-09-01;2024-09-02;15;3;2;1
H21;2023-09-01;2024-09-02;15;3;2;1
H21;2023-09-01;2024-09-02;15;3;2;1
H21;2023-09-01;2024-09-02;0.1;1;24;1
H21;2023-09-01;2024-09-02;0.1;1;24;1
H21;2023-09-01;2024-09-02;0.1;1;24;1
H21;2023-09-01;2024-09-02;0.1;1;24;0
H21;2023-09-01;2024-09-02;0.1;1;24;0
H21;2023-09-01;2024-09-02;0.1;2;24;0
H21;2023-09-01;2024-09-02;0.1;2;24;0
H21;2023-09-01;2024-09-02;0.1;2;24;0
H21;2023-09-01;2024-09-02;0.1;2;24;0
H21;2023-09-01;2024-09-02;0.1;2;24;0
H21;2023-09-01;2024-09-02;0.1;3;24;1
H21;2023-09-01;2024-09-02;0.1;3;24;0
H21;2023-09-01;2024-09-02;0.1;3;24;0
H21;2023-09-01;2024-09-02;0.1;3;24;0
H21;2023-09-01;2024-09-02;0.1;3;24;0
H21;2023-09-01;2024-09-02;1;1;24;1
H21;2023-09-01;2024-09-02;1;1;24;1
H21;2023-09-01;2024-09-02;1;1;24;1
H21;2023-09-01;2024-09-02;1;1;24;1
H21;2023-09-01;2024-09-02;1;1;24;0
H21;2023-09-01;2024-09-02;1;2;24;1
H21;2023-09-01;2024-09-02;1;2;24;1
H21;2023-09-01;2024-09-02;1;2;24;1
H21;2023-09-01;2024-09-02;1;2;24;0
H21;2023-09-01;2024-09-02;1;2;24;0
H21;2023-09-01;2024-09-02;1;3;24;0
H21;2023-09-01;2024-09-02;1;3;24;0
H21;2023-09-01;2024-09-02;1;3;24;0
H21;2023-09-01;2024-09-02;1;3;24;0
H21;2023-09-01;2024-09-02;1;3;24;0
H21;2023-09-01;2024-09-02;2;1;24;1
H21;2023-09-01;2024-09-02;2;1;24;1
H21;2023-09-01;2024-09-02;2;1;24;1
H21;2023-09-01;2024-09-02;2;1;24;1
H21;2023-09-01;2024-09-02;2;1;24;1
H21;2023-09-01;2024-09-02;2;2;24;1
H21;2023-09-01;2024-09-02;2;2;24;1
H21;2023-09-01;2024-09-02;2;2;24;1
H21;2023-09-01;2024-09-02;2;2;24;1
H21;2023-09-01;2024-09-02;2;2;24;0
H21;2023-09-01;2024-09-02;2;3;24;1
H21;2023-09-01;2024-09-02;2;3;24;1
H21;2023-09-01;2024-09-02;2;3;24;1
H21;2023-09-01;2024-09-02;2;3;24;1
H21;2023-09-01;2024-09-02;2;3;24;1
H21;2023-09-01;2024-09-02;3;1;24;1
H21;2023-09-01;2024-09-02;3;1;24;1
H21;2023-09-01;2024-09-02;3;1;24;1
H21;2023-09-01;2024-09-02;3;1;24;1
H21;2023-09-01;2024-09-02;3;2;24;1
H21;2023-09-01;2024-09-02;3;2;24;1
H21;2023-09-01;2024-09-02;3;2;24;1
H21;2023-09-01;2024-09-02;3;2;24;1
H21;2023-09-01;2024-09-02;3;2;24;1
H21;2023-09-01;2024-09-02;3;3;24;1
H21;2023-09-01;2024-09-02;3;3;24;1
H21;2023-09-01;2024-09-02;3;3;24;1
H21;2023-09-01;2024-09-02;3;3;24;1
H21;2023-09-01;2024-09-02;3;3;24;1
H21;2023-09-01;2024-09-02;5;1;24;1
H21;2023-09-01;2024-09-02;5;1;24;1
H21;2023-09-01;2024-09-02;5;1;24;1
H21;2023-09-01;2024-09-02;5;1;24;1
H21;2023-09-01;2024-09-02;5;1;24;1
H21;2023-09-01;2024-09-02;5;2;24;1
H21;2023-09-01;2024-09-02;5;2;24;1
H21;2023-09-01;2024-09-02;5;2;24;1
H21;2023-09-01;2024-09-02;5;2;24;1
H21;2023-09-01;2024-09-02;5;2;24;1
H21;2023-09-01;2024-09-02;5;3;24;1
H21;2023-09-01;2024-09-02;5;3;24;1
H21;2023-09-01;2024-09-02;5;3;24;1
H21;2023-09-01;2024-09-02;5;3;24;1
H21;2023-09-01;2024-09-02;5;3;24;0
H21;2023-09-01;2024-09-02;15;1;24;1
H21;2023-09-01;2024-09-02;15;1;24;1
H21;2023-09-01;2024-09-02;15;1;24;1
H21;2023-09-01;2024-09-02;15;1;24;1
H21;2023-09-01;2024-09-02;15;1;24;1
H21;2023-09-01;2024-09-02;15;2;24;1
H21;2023-09-01;2024-09-02;15;2;24;1
H21;2023-09-01;2024-09-02;15;2;24;1
H21;2023-09-01;2024-09-02;15;2;24;1
H21;2023-09-01;2024-09-02;15;2;24;1
H21;2023-09-01;2024-09-02;15;3;24;1
H21;2023-09-01;2024-09-02;15;3;24;1
H21;2023-09-01;2024-09-02;15;3;24;1
H21;2023-09-01;2024-09-02;15;3;24;1
H21;2023-09-01;2024-09-02;15;3;24;1
H21;2023-09-01;2024-09-02;0.1;1;48;0
H21;2023-09-01;2024-09-02;0.1;1;48;0
H21;2023-09-01;2024-09-02;0.1;1;48;0
H21;2023-09-01;2024-09-02;0.1;1;48;0
H21;2023-09-01;2024-09-02;0.1;1;48;0
H21;2023-09-01;2024-09-02;0.1;2;48;0
H21;2023-09-01;2024-09-02;0.1;2;48;0
H21;2023-09-01;2024-09-02;0.1;2;48;0
H21;2023-09-01;2024-09-02;0.1;2;48;0
H21;2023-09-01;2024-09-02;0.1;2;48;0
H21;2023-09-01;2024-09-02;0.1;3;48;0
H21;2023-09-01;2024-09-02;0.1;3;48;0
H21;2023-09-01;2024-09-02;0.1;3;48;0
H21;2023-09-01;2024-09-02;0.1;3;48;0
H21;2023-09-01;2024-09-02;0.1;3;48;0
H21;2023-09-01;2024-09-02;1;1;48;0
H21;2023-09-01;2024-09-02;1;1;48;0
H21;2023-09-01;2024-09-02;1;1;48;0
H21;2023-09-01;2024-09-02;1;1;48;0
H21;2023-09-01;2024-09-02;1;1;48;0
H21;2023-09-01;2024-09-02;1;2;48;0
H21;2023-09-01;2024-09-02;1;2;48;0
H21;2023-09-01;2024-09-02;1;2;48;0
H21;2023-09-01;2024-09-02;1;2;48;0
H21;2023-09-01;2024-09-02;1;2;48;0
H21;2023-09-01;2024-09-02;1;3;48;0
H21;2023-09-01;2024-09-02;1;3;48;0
H21;2023-09-01;2024-09-02;1;3;48;0
H21;2023-09-01;2024-09-02;1;3;48;0
H21;2023-09-01;2024-09-02;1;3;48;0
H21;2023-09-01;2024-09-02;2;1;48;1
H21;2023-09-01;2024-09-02;2;1;48;0
H21;2023-09-01;2024-09-02;2;1;48;0
H21;2023-09-01;2024-09-02;2;1;48;0
H21;2023-09-01;2024-09-02;2;1;48;0
H21;2023-09-01;2024-09-02;2;2;48;0
H21;2023-09-01;2024-09-02;2;2;48;0
H21;2023-09-01;2024-09-02;2;2;48;0
H21;2023-09-01;2024-09-02;2;2;48;0
H21;2023-09-01;2024-09-02;2;2;48;0
H21;2023-09-01;2024-09-02;2;3;48;0
H21;2023-09-01;2024-09-02;2;3;48;0
H21;2023-09-01;2024-09-02;2;3;48;0
H21;2023-09-01;2024-09-02;2;3;48;0
H21;2023-09-01;2024-09-02;2;3;48;0
H21;2023-09-01;2024-09-02;3;1;48;1
H21;2023-09-01;2024-09-02;3;1;48;1
H21;2023-09-01;2024-09-02;3;1;48;0
H21;2023-09-01;2024-09-02;3;1;48;0
H21;2023-09-01;2024-09-02;3;2;48;1
H21;2023-09-01;2024-09-02;3;2;48;1
H21;2023-09-01;2024-09-02;3;2;48;0
H21;2023-09-01;2024-09-02;3;2;48;0
H21;2023-09-01;2024-09-02;3;2;48;0
H21;2023-09-01;2024-09-02;3;3;48;1
H21;2023-09-01;2024-09-02;3;3;48;0
H21;2023-09-01;2024-09-02;3;3;48;0
H21;2023-09-01;2024-09-02;3;3;48;0
H21;2023-09-01;2024-09-02;3;3;48;0
H21;2023-09-01;2024-09-02;5;1;48;1
H21;2023-09-01;2024-09-02;5;1;48;1
H21;2023-09-01;2024-09-02;5;1;48;1
H21;2023-09-01;2024-09-02;5;1;48;0
H21;2023-09-01;2024-09-02;5;1;48;0
H21;2023-09-01;2024-09-02;5;2;48;1
H21;2023-09-01;2024-09-02;5;2;48;1
H21;2023-09-01;2024-09-02;5;2;48;1
H21;2023-09-01;2024-09-02;5;2;48;0
H21;2023-09-01;2024-09-02;5;2;48;0
H21;2023-09-01;2024-09-02;5;3;48;1
H21;2023-09-01;2024-09-02;5;3;48;0
H21;2023-09-01;2024-09-02;5;3;48;0
H21;2023-09-01;2024-09-02;5;3;48;0
H21;2023-09-01;2024-09-02;5;3;48;0
H21;2023-09-01;2024-09-02;15;1;48;1
H21;2023-09-01;2024-09-02;15;1;48;1
H21;2023-09-01;2024-09-02;15;1;48;1
H21;2023-09-01;2024-09-02;15;1;48;1
H21;2023-09-01;2024-09-02;15;1;48;1
H21;2023-09-01;2024-09-02;15;2;48;1
H21;2023-09-01;2024-09-02;15;2;48;1
H21;2023-09-01;2024-09-02;15;2;48;1
H21;2023-09-01;2024-09-02;15;2;48;1
H21;2023-09-01;2024-09-02;15;2;48;1
H21;2023-09-01;2024-09-02;15;3;48;1
H21;2023-09-01;2024-09-02;15;3;48;1
H21;2023-09-01;2024-09-02;15;3;48;1
H21;2023-09-01;2024-09-02;15;3;48;1
H21;2023-09-01;2024-09-02;15;3;48;1
H21;2023-09-01;2024-09-02;0.1;1;72;0
H21;2023-09-01;2024-09-02;0.1;1;72;0
H21;2023-09-01;2024-09-02;0.1;1;72;0
H21;2023-09-01;2024-09-02;0.1;1;72;0
H21;2023-09-01;2024-09-02;0.1;1;72;0
H21;2023-09-01;2024-09-02;0.1;2;72;0
H21;2023-09-01;2024-09-02;0.1;2;72;0
H21;2023-09-01;2024-09-02;0.1;2;72;0
H21;2023-09-01;2024-09-02;0.1;2;72;0
H21;2023-09-01;2024-09-02;0.1;2;72;0
H21;2023-09-01;2024-09-02;0.1;3;72;0
H21;2023-09-01;2024-09-02;0.1;3;72;0
H21;2023-09-01;2024-09-02;0.1;3;72;0
H21;2023-09-01;2024-09-02;0.1;3;72;0
H21;2023-09-01;2024-09-02;0.1;3;72;0
H21;2023-09-01;2024-09-02;1;1;72;0
H21;2023-09-01;2024-09-02;1;1;72;0
H21;2023-09-01;2024-09-02;1;1;72;0
H21;2023-09-01;2024-09-02;1;1;72;0
H21;2023-09-01;2024-09-02;1;1;72;0
H21;2023-09-01;2024-09-02;1;2;72;0
H21;2023-09-01;2024-09-02;1;2;72;0
H21;2023-09-01;2024-09-02;1;2;72;0
H21;2023-09-01;2024-09-02;1;2;72;0
H21;2023-09-01;2024-09-02;1;2;72;0
H21;2023-09-01;2024-09-02;1;3;72;0
H21;2023-09-01;2024-09-02;1;3;72;0
H21;2023-09-01;2024-09-02;1;3;72;0
H21;2023-09-01;2024-09-02;1;3;72;0
H21;2023-09-01;2024-09-02;1;3;72;0
H21;2023-09-01;2024-09-02;2;1;72;0
H21;2023-09-01;2024-09-02;2;1;72;0
H21;2023-09-01;2024-09-02;2;1;72;0
H21;2023-09-01;2024-09-02;2;1;72;0
H21;2023-09-01;2024-09-02;2;1;72;0
H21;2023-09-01;2024-09-02;2;2;72;0
H21;2023-09-01;2024-09-02;2;2;72;0
H21;2023-09-01;2024-09-02;2;2;72;0
H21;2023-09-01;2024-09-02;2;2;72;0
H21;2023-09-01;2024-09-02;2;2;72;0
H21;2023-09-01;2024-09-02;2;3;72;0
H21;2023-09-01;2024-09-02;2;3;72;0
H21;2023-09-01;2024-09-02;2;3;72;0
H21;2023-09-01;2024-09-02;2;3;72;0
H21;2023-09-01;2024-09-02;2;3;72;0
H21;2023-09-01;2024-09-02;3;1;72;1
H21;2023-09-01;2024-09-02;3;1;72;0
H21;2023-09-01;2024-09-02;3;1;72;0
H21;2023-09-01;2024-09-02;3;1;72;0
H21;2023-09-01;2024-09-02;3;2;72;1
H21;2023-09-01;2024-09-02;3;2;72;0
H21;2023-09-01;2024-09-02;3;2;72;0
H21;2023-09-01;2024-09-02;3;2;72;0
H21;2023-09-01;2024-09-02;3;2;72;0
H21;2023-09-01;2024-09-02;3;3;72;0
H21;2023-09-01;2024-09-02;3;3;72;0
H21;2023-09-01;2024-09-02;3;3;72;0
H21;2023-09-01;2024-09-02;3;3;72;0
H21;2023-09-01;2024-09-02;3;3;72;0
H21;2023-09-01;2024-09-02;5;1;72;1
H21;2023-09-01;2024-09-02;5;1;72;1
H21;2023-09-01;2024-09-02;5;1;72;1
H21;2023-09-01;2024-09-02;5;1;72;0
H21;2023-09-01;2024-09-02;5;1;72;0
H21;2023-09-01;2024-09-02;5;2;72;0
H21;2023-09-01;2024-09-02;5;2;72;0
H21;2023-09-01;2024-09-02;5;2;72;0
H21;2023-09-01;2024-09-02;5;2;72;0
H21;2023-09-01;2024-09-02;5;2;72;0
H21;2023-09-01;2024-09-02;5;3;72;0
H21;2023-09-01;2024-09-02;5;3;72;0
H21;2023-09-01;2024-09-02;5;3;72;0
H21;2023-09-01;2024-09-02;5;3;72;0
H21;2023-09-01;2024-09-02;5;3;72;0
H21;2023-09-01;2024-09-02;15;1;72;1
H21;2023-09-01;2024-09-02;15;1;72;1
H21;2023-09-01;2024-09-02;15;1;72;1
H21;2023-09-01;2024-09-02;15;1;72;1
H21;2023-09-01;2024-09-02;15;1;72;1
H21;2023-09-01;2024-09-02;15;2;72;1
H21;2023-09-01;2024-09-02;15;2;72;1
H21;2023-09-01;2024-09-02;15;2;72;1
H21;2023-09-01;2024-09-02;15;2;72;1
H21;2023-09-01;2024-09-02;15;2;72;1
H21;2023-09-01;2024-09-02;15;3;72;1
H21;2023-09-01;2024-09-02;15;3;72;1
H21;2023-09-01;2024-09-02;15;3;72;1
H21;2023-09-01;2024-09-02;15;3;72;1
H21;2023-09-01;2024-09-02;15;3;72;1